{
  "ProcID": "6860-01-01 00:00:00",
  "ProcNome": "Simples Nacional — Mensal",
  "ProcTitulo": "Simples Nacional — Mensal",
  "ProcCriador": "João Guimarães",
  "ProcGestor": "82860",
  "ProcObservacoes": "",
  "ProcInicio": "2025-11-01 00:00:00",
  "ProcDiasCorridos": "3",
  "ProcConclusao": "2025-11-04 00:00:00",
  "ProcDepartamento": "Fiscal",
  "ProcStatus": "Concluído",
  "ProcPorcentagem": "100.00",
  "DtLastDH": "2025-11-04 17:17:12",
  "EmpNome": "A C MELO LTDA",
  "EmpID": "58",
  "EmpCNPJ": "06.936.057/0001-83"
}