{
  "ProcID": "7138-01-01 00:00:00",
  "ProcNome": "Lucro Real - Comércio e Industria",
  "ProcTitulo": "Lucro Real - Comércio e Industria",
  "ProcCriador": "João Guimarães",
  "ProcGestor": "82860",
  "ProcObservacoes": "",
  "ProcInicio": "2025-11-01 00:00:00",
  "ProcDiasCorridos": "3",
  "ProcConclusao": "2025-11-26 00:00:00",
  "ProcDepartamento": "Fiscal",
  "ProcStatus": "Em andamento",
  "ProcPorcentagem": "0.00",
  "DtLastDH": "2025-11-03 15:11:37",
  "EmpNome": "LOC E LOG TRANSPORTES LTDA",
  "EmpID": "476",
  "EmpCNPJ": "46.343.502/0001-16"
}