{
  "ProcID": "7144-01-01 00:00:00",
  "ProcNome": "Lucro Real - Serviços",
  "ProcTitulo": "Lucro Real - Serviços",
  "ProcCriador": "João Guimarães",
  "ProcGestor": "82860",
  "ProcObservacoes": "",
  "ProcInicio": "2025-11-01 00:00:00",
  "ProcDiasCorridos": "3",
  "ProcConclusao": "2025-11-26 00:00:00",
  "ProcDepartamento": "Fiscal",
  "ProcStatus": "Em andamento",
  "ProcPorcentagem": "0.00",
  "DtLastDH": "2025-11-03 15:12:15",
  "EmpNome": "RAPIDO GOIAS LTDA",
  "EmpID": "7668-01-01 00:00:00",
  "EmpCNPJ": "01.481.795/0001-60"
}