{
  "ProcID": "7459-01-01 00:00:00",
  "ProcNome": "Simples Nacional — Mensal",
  "ProcTitulo": "Simples Nacional — Mensal",
  "ProcCriador": "João Guimarães",
  "ProcGestor": "83478",
  "ProcObservacoes": "",
  "ProcInicio": "2025-11-04 00:00:00",
  "ProcDiasCorridos": "0",
  "ProcConclusao": "2025-11-04 00:00:00",
  "ProcDepartamento": "Fiscal",
  "ProcStatus": "Concluído",
  "ProcPorcentagem": "100.00",
  "DtLastDH": "2025-11-04 13:21:21",
  "EmpNome": "HST REPRESENTACOES LTDA",
  "EmpID": "450",
  "EmpCNPJ": "08.714.427/0001-63"
}