{
  "ProcID": "7013-01-01 00:00:00",
  "ProcNome": "Lucro Presumido - Serviços",
  "ProcTitulo": "Lucro Presumido - Serviços",
  "ProcCriador": "João Guimarães",
  "ProcGestor": "82860",
  "ProcObservacoes": "",
  "ProcInicio": "2025-11-01 00:00:00",
  "ProcDiasCorridos": "3",
  "ProcConclusao": "2025-11-01 00:00:00",
  "ProcDepartamento": "Fiscal",
  "ProcStatus": "Em andamento",
  "ProcPorcentagem": "20.00",
  "DtLastDH": "2025-11-03 15:05:40",
  "EmpNome": "TORNEADORA FERMAX LTDA",
  "EmpID": "402",
  "EmpCNPJ": "10.259.622/0001-92"
}