{
  "ProcID": "7118-01-01 00:00:00",
  "ProcNome": "Simples Nacional — Mensal",
  "ProcTitulo": "Simples Nacional — Mensal",
  "ProcCriador": "João Guimarães",
  "ProcGestor": "82860",
  "ProcObservacoes": "",
  "ProcInicio": "2025-11-01 00:00:00",
  "ProcDiasCorridos": "3",
  "ProcConclusao": "2025-11-21 00:00:00",
  "ProcDepartamento": "Fiscal",
  "ProcStatus": "Em andamento",
  "ProcPorcentagem": "25.00",
  "DtLastDH": "2025-11-03 16:16:50",
  "EmpNome": "SALLES REPRESENTACAO LTDA",
  "EmpID": "18123",
  "EmpCNPJ": "10.800.711/0001-02"
}