{
  "ProcID": "6981-01-01 00:00:00",
  "ProcNome": "Lucro Presumido - Serviços",
  "ProcTitulo": "Lucro Presumido - Serviços",
  "ProcCriador": "João Guimarães",
  "ProcGestor": "82860",
  "ProcObservacoes": "",
  "ProcInicio": "2025-11-01 00:00:00",
  "ProcDiasCorridos": "3",
  "ProcConclusao": "2025-11-04 00:00:00",
  "ProcDepartamento": "Fiscal",
  "ProcStatus": "Concluído",
  "ProcPorcentagem": "100.00",
  "DtLastDH": "2025-11-04 16:08:25",
  "EmpNome": "RFC EMPREENDIMENTOS LTDA",
  "EmpID": "46",
  "EmpCNPJ": "52.528.243/0001-09"
}