{
  "ProcID": "6598-01-01 00:00:00",
  "ProcNome": "Contabilidade Anual 2025",
  "ProcTitulo": "Contabilidade Anual 2025",
  "ProcCriador": "João Guimarães",
  "ProcGestor": "83480",
  "ProcObservacoes": "Acompanhamento da Contabilidade anual em 2025.",
  "ProcInicio": "2025-10-02 00:00:00",
  "ProcDiasCorridos": "33",
  "ProcConclusao": "2027-03-02 00:00:00",
  "ProcDepartamento": "Contábil",
  "ProcStatus": "Em andamento",
  "ProcPorcentagem": "68.38",
  "DtLastDH": "2025-11-04 17:56:56",
  "EmpNome": "L L DA SILVA OLIVEIRA & CIA LTDA",
  "EmpID": "8088-01-01 00:00:00",
  "EmpCNPJ": "03.530.737/0001-04"
}