{
  "ProcID": "7052-01-01 00:00:00",
  "ProcNome": "Simples Nacional — Mensal",
  "ProcTitulo": "Simples Nacional — Mensal",
  "ProcCriador": "João Guimarães",
  "ProcGestor": "82860",
  "ProcObservacoes": "",
  "ProcInicio": "2025-11-01 00:00:00",
  "ProcDiasCorridos": "3",
  "ProcConclusao": "2025-11-04 00:00:00",
  "ProcDepartamento": "Fiscal",
  "ProcStatus": "Concluído",
  "ProcPorcentagem": "100.00",
  "DtLastDH": "2025-11-04 16:35:14",
  "EmpNome": "A2 SOLUCOES E PARTICIPACOES LTDA",
  "EmpID": "448",
  "EmpCNPJ": "35.067.703/0001-11"
}