{
  "ProcID": "6926-01-01 00:00:00",
  "ProcNome": "Lucro Presumido - Comércio, Industria e Serviços",
  "ProcTitulo": "Lucro Presumido - Comércio, Industria e Serviços",
  "ProcCriador": "João Guimarães",
  "ProcGestor": "82860",
  "ProcObservacoes": "",
  "ProcInicio": "2025-11-01 00:00:00",
  "ProcDiasCorridos": "3",
  "ProcConclusao": "2025-11-26 00:00:00",
  "ProcDepartamento": "Fiscal",
  "ProcStatus": "Em andamento",
  "ProcPorcentagem": "0.00",
  "DtLastDH": "2025-11-03 15:03:08",
  "EmpNome": "ANHANGUERA PASTAGEM COMERCIO LTDA",
  "EmpID": "73",
  "EmpCNPJ": "33.562.384/0001-95"
}