{
  "ProcID": "7331-01-01 00:00:00",
  "ProcNome": "Simples Nacional — Mensal",
  "ProcTitulo": "Simples Nacional — Mensal",
  "ProcCriador": "João Guimarães",
  "ProcGestor": "82860",
  "ProcObservacoes": "",
  "ProcInicio": "2025-11-03 00:00:00",
  "ProcDiasCorridos": "1",
  "ProcConclusao": "2025-11-23 00:00:00",
  "ProcDepartamento": "Fiscal",
  "ProcStatus": "Em andamento",
  "ProcPorcentagem": "0.00",
  "DtLastDH": "2025-11-03 20:40:28",
  "EmpNome": "A A DE MATOS RESENDE - SUPERMERCADO SANTO ANTONIO",
  "EmpID": "285",
  "EmpCNPJ": "29.413.500/0001-37"
}