{
  "ProcID": "6826-01-01 00:00:00",
  "ProcNome": "Simples Nacional — Mensal",
  "ProcTitulo": "Simples Nacional — Mensal",
  "ProcCriador": "João Guimarães",
  "ProcGestor": "82860",
  "ProcObservacoes": "",
  "ProcInicio": "2025-11-01 00:00:00",
  "ProcDiasCorridos": "3",
  "ProcConclusao": "2025-11-21 00:00:00",
  "ProcDepartamento": "Fiscal",
  "ProcStatus": "Em andamento",
  "ProcPorcentagem": "25.00",
  "DtLastDH": "2025-11-03 16:16:41",
  "EmpNome": "R C DOS SANTOS LTDA",
  "EmpID": "36",
  "EmpCNPJ": "51.302.648/0001-53"
}