{
  "ProcID": "7131-01-01 00:00:00",
  "ProcNome": "Lucro Real - Comércio e Industria",
  "ProcTitulo": "Lucro Real - Comércio e Industria",
  "ProcCriador": "João Guimarães",
  "ProcGestor": "82860",
  "ProcObservacoes": "",
  "ProcInicio": "2025-11-01 00:00:00",
  "ProcDiasCorridos": "3",
  "ProcConclusao": "2025-11-26 00:00:00",
  "ProcDepartamento": "Fiscal",
  "ProcStatus": "Em andamento",
  "ProcPorcentagem": "0.00",
  "DtLastDH": "2025-11-03 15:11:36",
  "EmpNome": "LC DISTRIBUIDORA DE CIMENTOS LTDA",
  "EmpID": "22",
  "EmpCNPJ": "13.781.288/0001-20"
}