{
  "ProcID": "7423-01-01 00:00:00",
  "ProcNome": "Simples Nacional — Mensal",
  "ProcTitulo": "Simples Nacional — Mensal",
  "ProcCriador": "João Guimarães",
  "ProcGestor": "82860",
  "ProcObservacoes": "",
  "ProcInicio": "2025-11-03 00:00:00",
  "ProcDiasCorridos": "1",
  "ProcConclusao": "2025-11-23 00:00:00",
  "ProcDepartamento": "Fiscal",
  "ProcStatus": "Em andamento",
  "ProcPorcentagem": "0.00",
  "DtLastDH": "2025-11-03 20:40:39",
  "EmpNome": "EMBALAGENS MOURA LTDA",
  "EmpID": "7657-01-01 00:00:00",
  "EmpCNPJ": "03.778.907/0001-74"
}