{
  "ProcID": "6260-01-01 00:00:00",
  "ProcNome": "Contabilidade Anual 2025",
  "ProcTitulo": "Contabilidade Anual 2025",
  "ProcCriador": "João Guimarães",
  "ProcGestor": "83480",
  "ProcObservacoes": "Acompanhamento da Contabilidade anual em 2025.",
  "ProcInicio": "2025-10-01 00:00:00",
  "ProcDiasCorridos": "34",
  "ProcConclusao": "2027-03-01 00:00:00",
  "ProcDepartamento": "Contábil",
  "ProcStatus": "Em andamento",
  "ProcPorcentagem": "0.00",
  "DtLastDH": "2025-10-01 13:41:45",
  "EmpNome": "TINAZO AGRONEGOCIOS LTDA",
  "EmpID": "7",
  "EmpCNPJ": "49.798.461/0001-40"
}