[
  {
    "empresa": "T&T PRODUCOES ARTISTICAS",
    "cnpj": null,
    "raw": {
      "ID": "474",
      "Identificador": "46.149.398/0001-23",
      "Razao": "3TB PRODUCOES ARTISTICAS LTDA",
      "Fantasia": "T&T PRODUCOES ARTISTICAS",
      "Status": "Ativa"
    },
    "counters": {
      "totals": {},
      "by_tipo": {}
    }
  },
  {
    "empresa": "61.544.100 ENZO OLIVEIRA MARQUES",
    "cnpj": null,
    "raw": {
      "ID": "99",
      "Identificador": "61.544.100/0001-73",
      "Razao": "61.544.100 ENZO OLIVEIRA MARQUES",
      "Fantasia": "61.544.100 ENZO OLIVEIRA MARQUES",
      "Status": "Ativa"
    },
    "counters": {
      "totals": {},
      "by_tipo": {}
    }
  },
  {
    "empresa": "SUPERMERCADO SANTO ANTONIO",
    "cnpj": null,
    "raw": {
      "ID": "285",
      "Identificador": "29.413.500/0001-37",
      "Razao": "A A DE MATOS RESENDE - SUPERMERCADO SANTO ANTONIO",
      "Fantasia": "SUPERMERCADO SANTO ANTONIO",
      "Status": "Ativa"
    },
    "counters": {
      "totals": {},
      "by_tipo": {}
    }
  },
  {
    "empresa": "CACHACARIA DO DIL",
    "cnpj": null,
    "raw": {
      "ID": "58",
      "Identificador": "06.936.057/0001-83",
      "Razao": "A C MELO LTDA",
      "Fantasia": "CACHACARIA DO DIL",
      "Status": "Ativa"
    },
    "counters": {
      "totals": {},
      "by_tipo": {}
    }
  },
  {
    "empresa": "A K STORE",
    "cnpj": null,
    "raw": {
      "ID": "51",
      "Identificador": "37.097.323/0001-55",
      "Razao": "A K STORE LTDA",
      "Fantasia": "A K STORE",
      "Status": "Ativa"
    },
    "counters": {
      "totals": {},
      "by_tipo": {}
    }
  },
  {
    "empresa": "A.S. OLIVEIRA ENGENHARIA",
    "cnpj": null,
    "raw": {
      "ID": "230",
      "Identificador": "24.415.962/0001-70",
      "Razao": "A S OLIVEIRA ENGENHARIA LTDA",
      "Fantasia": "A.S. OLIVEIRA ENGENHARIA",
      "Status": "Ativa"
    },
    "counters": {
      "totals": {},
      "by_tipo": {}
    }
  },
  {
    "empresa": "A2 SOLUCOES",
    "cnpj": null,
    "raw": {
      "ID": "448",
      "Identificador": "35.067.703/0001-11",
      "Razao": "A2 SOLUCOES E PARTICIPACOES LTDA",
      "Fantasia": "A2 SOLUCOES",
      "Status": "Ativa"
    },
    "counters": {
      "totals": {},
      "by_tipo": {}
    }
  },
  {
    "empresa": "ANAPOLIS CONSULTORIA",
    "cnpj": null,
    "raw": {
      "ID": "293",
      "Identificador": "19.163.109/0001-78",
      "Razao": "AC SOARES CONSULTORIA E DESENVOLVIMENTO EMPRESARIAL LTDA",
      "Fantasia": "ANAPOLIS CONSULTORIA",
      "Status": "Ativa"
    },
    "counters": {
      "totals": {},
      "by_tipo": {}
    }
  },
  {
    "empresa": "GESSO HONORIO",
    "cnpj": null,
    "raw": {
      "ID": "59",
      "Identificador": "54.131.050/0001-37",
      "Razao": "ACARTONAPOLIS PRESTADORA DE SERVICOS LTDA",
      "Fantasia": "GESSO HONORIO",
      "Status": "Ativa"
    },
    "counters": {
      "totals": {},
      "by_tipo": {}
    }
  },
  {
    "empresa": "ADAHYL CHAVEIRO ADVOGADOS ASSOCIADOS",
    "cnpj": null,
    "raw": {
      "ID": "188",
      "Identificador": "22.633.997/0001-50",
      "Razao": "ADAHYL CHAVEIRO ADVOGADOS ASSOCIADOS",
      "Fantasia": "ADAHYL CHAVEIRO ADVOGADOS ASSOCIADOS",
      "Status": "Ativa"
    },
    "counters": {
      "totals": {},
      "by_tipo": {}
    }
  },
  {
    "empresa": "AGROCERRADO RURAL",
    "cnpj": null,
    "raw": {
      "ID": "398",
      "Identificador": "37.365.154/0001-97",
      "Razao": "AGROCERRADO RURAL PROJETOS LTDA",
      "Fantasia": "AGROCERRADO RURAL",
      "Status": "Ativa"
    },
    "counters": {
      "totals": {},
      "by_tipo": {}
    }
  },
  {
    "empresa": "AGROPECUARIA RENASCER",
    "cnpj": null,
    "raw": {
      "ID": "26",
      "Identificador": "51.037.239/0001-77",
      "Razao": "AGROPECUARIA FAZENDAS RENASCER LTDA",
      "Fantasia": "AGROPECUARIA RENASCER",
      "Status": "Ativa"
    },
    "counters": {
      "totals": {},
      "by_tipo": {}
    }
  },
  {
    "empresa": "AGUA NINA INDUSTRIA DE BEBIDAS LTDA",
    "cnpj": null,
    "raw": {
      "ID": "3019-01-01 00:00:00",
      "Identificador": "01.958.717/0001-03",
      "Razao": "AGUA NINA INDUSTRIA DE BEBIDAS LTDA",
      "Fantasia": "AGUA NINA INDUSTRIA DE BEBIDAS LTDA",
      "Status": "Ativa"
    },
    "counters": {
      "totals": {},
      "by_tipo": {}
    }
  },
  {
    "empresa": "ALESSANDRO ANDRADE SOCIEDADE INDIVIDUAL",
    "cnpj": null,
    "raw": {
      "ID": "411",
      "Identificador": "38.277.516/0001-50",
      "Razao": "ALESSANDRO ANDRADE SOCIEDADE INDIVIDUAL DE ADVOCACIA",
      "Fantasia": "ALESSANDRO ANDRADE SOCIEDADE INDIVIDUAL",
      "Status": "Ativa"
    },
    "counters": {
      "totals": {},
      "by_tipo": {}
    }
  },
  {
    "empresa": "ANAPEDRAS",
    "cnpj": null,
    "raw": {
      "ID": "185",
      "Identificador": "22.801.319/0001-59",
      "Razao": "ANA PEDRAS LTDA",
      "Fantasia": "ANAPEDRAS",
      "Status": "Ativa"
    },
    "counters": {
      "totals": {},
      "by_tipo": {}
    }
  },
  {
    "empresa": "ANAPEDRAS EXPERIENCE",
    "cnpj": null,
    "raw": {
      "ID": "76",
      "Identificador": "57.492.145/0001-74",
      "Razao": "ANAPEDRAS EXPERIENCE LTDA",
      "Fantasia": "ANAPEDRAS EXPERIENCE",
      "Status": "Ativa"
    },
    "counters": {
      "totals": {},
      "by_tipo": {}
    }
  },
  {
    "empresa": "ANHANGUERA PASTAGENS",
    "cnpj": null,
    "raw": {
      "ID": "73",
      "Identificador": "33.562.384/0001-95",
      "Razao": "ANHANGUERA PASTAGEM COMERCIO LTDA",
      "Fantasia": "ANHANGUERA PASTAGENS",
      "Status": "Ativa"
    },
    "counters": {
      "totals": {},
      "by_tipo": {}
    }
  },
  {
    "empresa": "API SAFE",
    "cnpj": null,
    "raw": {
      "ID": "480",
      "Identificador": "46.559.074/0001-63",
      "Razao": "API SAFE CONSULTORIA E SERVICOS LTDA",
      "Fantasia": "API SAFE",
      "Status": "Ativa"
    },
    "counters": {
      "totals": {},
      "by_tipo": {}
    }
  },
  {
    "empresa": "ARRIEL GAS",
    "cnpj": null,
    "raw": {
      "ID": "20",
      "Identificador": "51.154.071/0001-80",
      "Razao": "ARRIEL GAS LTDA",
      "Fantasia": "ARRIEL GAS",
      "Status": "Ativa"
    },
    "counters": {
      "totals": {},
      "by_tipo": {}
    }
  },
  {
    "empresa": "ATM EMPREENDIMENTOS",
    "cnpj": null,
    "raw": {
      "ID": "38",
      "Identificador": "52.568.182/0001-03",
      "Razao": "ATM EMPREENDIMENTOS LTDA",
      "Fantasia": "ATM EMPREENDIMENTOS",
      "Status": "Ativa"
    },
    "counters": {
      "totals": {},
      "by_tipo": {}
    }
  },
  {
    "empresa": "Avlis",
    "cnpj": null,
    "raw": {
      "ID": "100",
      "Identificador": "63.325.683/0001-77",
      "Razao": "AVLIS LTDA",
      "Fantasia": "Avlis",
      "Status": "Ativa"
    },
    "counters": {
      "totals": {},
      "by_tipo": {}
    }
  },
  {
    "empresa": "ARENA ENGENHARIA E CONSULTORIA AMBIENTAL",
    "cnpj": null,
    "raw": {
      "ID": "218",
      "Identificador": "20.835.879/0001-07",
      "Razao": "B. N. SERVICOS EMPRESARIAIS LTDA",
      "Fantasia": "ARENA ENGENHARIA E CONSULTORIA AMBIENTAL",
      "Status": "Ativa"
    },
    "counters": {
      "totals": {},
      "by_tipo": {}
    }
  },
  {
    "empresa": "BABI KIDS LOJA INFANTIL",
    "cnpj": null,
    "raw": {
      "ID": "23",
      "Identificador": "46.990.144/0001-33",
      "Razao": "BABI KIDS LOJA INFANTIL LTDA",
      "Fantasia": "BABI KIDS LOJA INFANTIL",
      "Status": "Ativa"
    },
    "counters": {
      "totals": {},
      "by_tipo": {}
    }
  },
  {
    "empresa": "BALDUINO IMPERMEABILIZANTES LTDA",
    "cnpj": null,
    "raw": {
      "ID": "32",
      "Identificador": "50.302.692/0001-09",
      "Razao": "BALDUINO IMPERMEABILIZANTES LTDA",
      "Fantasia": "BALDUINO IMPERMEABILIZANTES LTDA",
      "Status": "Ativa"
    },
    "counters": {
      "totals": {},
      "by_tipo": {}
    }
  },
  {
    "empresa": "D M SERVICOS",
    "cnpj": null,
    "raw": {
      "ID": "303",
      "Identificador": "02.770.477/0001-81",
      "Razao": "BARROS E MENDES LTDA",
      "Fantasia": "D M SERVICOS",
      "Status": "Ativa"
    },
    "counters": {
      "totals": {},
      "by_tipo": {}
    }
  },
  {
    "empresa": "BDA VEICULOS",
    "cnpj": null,
    "raw": {
      "ID": "429",
      "Identificador": "41.492.247/0001-50",
      "Razao": "BDA COMERCIO E INTERMEDIACAO DE VEICULOS LTDA",
      "Fantasia": "BDA VEICULOS",
      "Status": "Ativa"
    },
    "counters": {
      "totals": {},
      "by_tipo": {}
    }
  },
  {
    "empresa": "BUTECO PINGUIM",
    "cnpj": null,
    "raw": {
      "ID": "53",
      "Identificador": "53.379.706/0001-72",
      "Razao": "BUTECO PINGUIM LTDA",
      "Fantasia": "BUTECO PINGUIM",
      "Status": "Ativa"
    },
    "counters": {
      "totals": {},
      "by_tipo": {}
    }
  },
  {
    "empresa": "STOP CAR VEICULOS",
    "cnpj": null,
    "raw": {
      "ID": "176",
      "Identificador": "11.955.213/0001-93",
      "Razao": "CAIRO CEZAR FERNANDES & CIA LTDA",
      "Fantasia": "STOP CAR VEICULOS",
      "Status": "Ativa"
    },
    "counters": {
      "totals": {},
      "by_tipo": {}
    }
  },
  {
    "empresa": "Caju Servicos",
    "cnpj": null,
    "raw": {
      "ID": "67",
      "Identificador": "61.730.676/0001-25",
      "Razao": "CAJU SERVICOS LTDA",
      "Fantasia": "Caju Servicos",
      "Status": "Ativa"
    },
    "counters": {
      "totals": {},
      "by_tipo": {}
    }
  },
  {
    "empresa": "CARVALHO, MOREIRA & SANDRE ADVOGADOS ASSOCIADOS",
    "cnpj": null,
    "raw": {
      "ID": "343",
      "Identificador": "33.649.574/0001-44",
      "Razao": "CARVALHO, MOREIRA & SANDRE ADVOGADOS ASSOCIADOS",
      "Fantasia": "CARVALHO, MOREIRA & SANDRE ADVOGADOS ASSOCIADOS",
      "Status": "Ativa"
    },
    "counters": {
      "totals": {},
      "by_tipo": {}
    }
  },
  {
    "empresa": "CENTRO OESTE GAS",
    "cnpj": null,
    "raw": {
      "ID": "8057-01-01 00:00:00",
      "Identificador": "05.889.499/0001-53",
      "Razao": "CENTRO OESTE GAS II LTDA",
      "Fantasia": "CENTRO OESTE GAS",
      "Status": "Ativa"
    },
    "counters": {
      "totals": {},
      "by_tipo": {}
    }
  },
  {
    "empresa": "CENTRO OESTE GAS",
    "cnpj": null,
    "raw": {
      "ID": "377",
      "Identificador": "35.863.681/0001-04",
      "Razao": "CENTRO OESTE GAS III LTDA",
      "Fantasia": "CENTRO OESTE GAS",
      "Status": "Ativa"
    },
    "counters": {
      "totals": {},
      "by_tipo": {}
    }
  },
  {
    "empresa": "CERAMICA CENABRA",
    "cnpj": null,
    "raw": {
      "ID": "95",
      "Identificador": "00.353.416/0001-93",
      "Razao": "CERAMICA CENABRA LTDA",
      "Fantasia": "CERAMICA CENABRA",
      "Status": "Ativa"
    },
    "counters": {
      "totals": {},
      "by_tipo": {}
    }
  },
  {
    "empresa": "DENTE CERTO",
    "cnpj": null,
    "raw": {
      "ID": "128",
      "Identificador": "19.255.194/0001-02",
      "Razao": "CLINICA ODONTOLOGICA DENTE CERTO LTDA",
      "Fantasia": "DENTE CERTO",
      "Status": "Ativa"
    },
    "counters": {
      "totals": {},
      "by_tipo": {}
    }
  },
  {
    "empresa": "COEPI",
    "cnpj": null,
    "raw": {
      "ID": "15160",
      "Identificador": "01.706.965/0001-67",
      "Razao": "COEPI - COMUNIDADE EDUCACIONAL DE PIRENOPOLIS",
      "Fantasia": "COEPI",
      "Status": "Ativa"
    },
    "counters": {
      "totals": {},
      "by_tipo": {}
    }
  },
  {
    "empresa": "COIMMAR",
    "cnpj": null,
    "raw": {
      "ID": "31",
      "Identificador": "51.756.909/0001-05",
      "Razao": "COIMMAR COMERCIO LTDA",
      "Fantasia": "COIMMAR",
      "Status": "Ativa"
    },
    "counters": {
      "totals": {},
      "by_tipo": {}
    }
  },
  {
    "empresa": "COMERCIAL DONA ROSA",
    "cnpj": null,
    "raw": {
      "ID": "49",
      "Identificador": "50.178.203/0001-40",
      "Razao": "COMERCIAL MORAIS LTDA",
      "Fantasia": "COMERCIAL DONA ROSA",
      "Status": "Ativa"
    },
    "counters": {
      "totals": {},
      "by_tipo": {}
    }
  },
  {
    "empresa": "CONSTRUTORA LONGHI",
    "cnpj": null,
    "raw": {
      "ID": "83",
      "Identificador": "58.921.505/0001-79",
      "Razao": "CONSTRUTORA LONGHI LTDA",
      "Fantasia": "CONSTRUTORA LONGHI",
      "Status": "Ativa"
    },
    "counters": {
      "totals": {},
      "by_tipo": {}
    }
  },
  {
    "empresa": "POLICORDAS",
    "cnpj": null,
    "raw": {
      "ID": "410",
      "Identificador": "39.379.724/0001-23",
      "Razao": "CORDAS MONTIBELLER LTDA",
      "Fantasia": "POLICORDAS",
      "Status": "Ativa"
    },
    "counters": {
      "totals": {},
      "by_tipo": {}
    }
  },
  {
    "empresa": "CORPO & SAUDE FIRFLEX COLCHOARIA",
    "cnpj": null,
    "raw": {
      "ID": "365",
      "Identificador": "31.676.210/0001-28",
      "Razao": "CORPO & SAUDE FIRFLEX COLCHOARIA LTDA",
      "Fantasia": "CORPO & SAUDE FIRFLEX COLCHOARIA",
      "Status": "Ativa"
    },
    "counters": {
      "totals": {},
      "by_tipo": {}
    }
  },
  {
    "empresa": "CROCHE MORAES",
    "cnpj": null,
    "raw": {
      "ID": "24",
      "Identificador": "53.975.225/0001-20",
      "Razao": "CROCHE MORAES LTDA",
      "Fantasia": "CROCHE MORAES",
      "Status": "Ativa"
    },
    "counters": {
      "totals": {},
      "by_tipo": {}
    }
  },
  {
    "empresa": "LEV CRED",
    "cnpj": null,
    "raw": {
      "ID": "70",
      "Identificador": "13.307.495/0001-48",
      "Razao": "D F SERVICOS LTDA",
      "Fantasia": "LEV CRED",
      "Status": "Ativa"
    },
    "counters": {
      "totals": {},
      "by_tipo": {}
    }
  },
  {
    "empresa": "D LORE MIDIA",
    "cnpj": null,
    "raw": {
      "ID": "43",
      "Identificador": "52.839.335/0001-00",
      "Razao": "D LORE MIDIA LTDA",
      "Fantasia": "D LORE MIDIA",
      "Status": "Ativa"
    },
    "counters": {
      "totals": {},
      "by_tipo": {}
    }
  },
  {
    "empresa": "ATUAL DIESEL INJETORES",
    "cnpj": null,
    "raw": {
      "ID": "21",
      "Identificador": "52.239.048/0001-50",
      "Razao": "D&V PECAS E ACESSORIOS AUTOMOTIVOS LTDA",
      "Fantasia": "ATUAL DIESEL INJETORES",
      "Status": "Ativa"
    },
    "counters": {
      "totals": {},
      "by_tipo": {}
    }
  },
  {
    "empresa": "DANPECAS ELETRODOMESTICOS",
    "cnpj": null,
    "raw": {
      "ID": "77",
      "Identificador": "57.448.775/0001-41",
      "Razao": "DANPECAS REFRIGERACAO LTDA",
      "Fantasia": "DANPECAS ELETRODOMESTICOS",
      "Status": "Ativa"
    },
    "counters": {
      "totals": {},
      "by_tipo": {}
    }
  },
  {
    "empresa": "DISK CERVEJA PINGUIM",
    "cnpj": null,
    "raw": {
      "ID": "16174",
      "Identificador": "10.366.216/0001-29",
      "Razao": "DISK CERVEJA PINGUIM LTDA",
      "Fantasia": "DISK CERVEJA PINGUIM",
      "Status": "Ativa"
    },
    "counters": {
      "totals": {},
      "by_tipo": {}
    }
  },
  {
    "empresa": "DOM CARECA PIZZARIA E HAMBURGUERIA",
    "cnpj": null,
    "raw": {
      "ID": "64",
      "Identificador": "33.854.350/0001-74",
      "Razao": "DOM CARECA PIZZARIA E HAMBURGUEIRA LTDA",
      "Fantasia": "DOM CARECA PIZZARIA E HAMBURGUERIA",
      "Status": "Ativa"
    },
    "counters": {
      "totals": {},
      "by_tipo": {}
    }
  },
  {
    "empresa": "DROGARIA ATUAL",
    "cnpj": null,
    "raw": {
      "ID": "352",
      "Identificador": "24.742.881/0001-84",
      "Razao": "DROGARIA ATUAL LTDA",
      "Fantasia": "DROGARIA ATUAL",
      "Status": "Ativa"
    },
    "counters": {
      "totals": {},
      "by_tipo": {}
    }
  },
  {
    "empresa": "DROGARIAS ULTRA POPULAR",
    "cnpj": null,
    "raw": {
      "ID": "378",
      "Identificador": "02.997.350/0001-08",
      "Razao": "DROGARIA FERREIRA E JESUS LTDA",
      "Fantasia": "DROGARIAS ULTRA POPULAR",
      "Status": "Ativa"
    },
    "counters": {
      "totals": {},
      "by_tipo": {}
    }
  },
  {
    "empresa": "DROGARIAS ULTRA POPULAR",
    "cnpj": null,
    "raw": {
      "ID": "324",
      "Identificador": "13.043.546/0001-71",
      "Razao": "DROGARIAS NACIONAL JUNDIAI LTDA",
      "Fantasia": "DROGARIAS ULTRA POPULAR",
      "Status": "Ativa"
    },
    "counters": {
      "totals": {},
      "by_tipo": {}
    }
  },
  {
    "empresa": "DROGARIAS NACIONAL",
    "cnpj": null,
    "raw": {
      "ID": "317",
      "Identificador": "31.500.145/0001-85",
      "Razao": "DROGARIAS NACIONAL LTDA",
      "Fantasia": "DROGARIAS NACIONAL",
      "Status": "Ativa"
    },
    "counters": {
      "totals": {},
      "by_tipo": {}
    }
  },
  {
    "empresa": "DROGARIA NACIONAL",
    "cnpj": null,
    "raw": {
      "ID": "380",
      "Identificador": "07.956.060/0001-21",
      "Razao": "DROGARIAS NACIONAL PEDRO LUDOVICO LTDA",
      "Fantasia": "DROGARIA NACIONAL",
      "Status": "Ativa"
    },
    "counters": {
      "totals": {},
      "by_tipo": {}
    }
  },
  {
    "empresa": "DROGARIAS ULTRA POPULAR",
    "cnpj": null,
    "raw": {
      "ID": "379",
      "Identificador": "26.145.315/0001-10",
      "Razao": "DROGARIAS ULTRAPOPULAR JAIARA LTDA",
      "Fantasia": "DROGARIAS ULTRA POPULAR",
      "Status": "Ativa"
    },
    "counters": {
      "totals": {},
      "by_tipo": {}
    }
  },
  {
    "empresa": "DANILO RR PROFESSOR",
    "cnpj": null,
    "raw": {
      "ID": "463",
      "Identificador": "32.533.383/0001-50",
      "Razao": "DRR AULAS ONLINE LTDA",
      "Fantasia": "DANILO RR PROFESSOR",
      "Status": "Ativa"
    },
    "counters": {
      "totals": {},
      "by_tipo": {}
    }
  },
  {
    "empresa": "Eduardo Premium",
    "cnpj": null,
    "raw": {
      "ID": "96",
      "Identificador": "62.430.189/0001-00",
      "Razao": "EAR PREMIUM LTDA",
      "Fantasia": "Eduardo Premium",
      "Status": "Ativa"
    },
    "counters": {
      "totals": {},
      "by_tipo": {}
    }
  },
  {
    "empresa": "EDUARDO PREMIUM",
    "cnpj": null,
    "raw": {
      "ID": "495",
      "Identificador": "48.443.136/0001-00",
      "Razao": "EDUARDO PREMIUM LTDA",
      "Fantasia": "EDUARDO PREMIUM",
      "Status": "Ativa"
    },
    "counters": {
      "totals": {},
      "by_tipo": {}
    }
  },
  {
    "empresa": "EDUARDO VEICULOS",
    "cnpj": null,
    "raw": {
      "ID": "359",
      "Identificador": "34.919.927/0001-41",
      "Razao": "EDUARDO VEICULOS LTDA",
      "Fantasia": "EDUARDO VEICULOS",
      "Status": "Ativa"
    },
    "counters": {
      "totals": {},
      "by_tipo": {}
    }
  },
  {
    "empresa": "ELEGANZA REVEST",
    "cnpj": null,
    "raw": {
      "ID": "62",
      "Identificador": "54.385.238/0001-01",
      "Razao": "ELEGANZA REVEST LTDA",
      "Fantasia": "ELEGANZA REVEST",
      "Status": "Ativa"
    },
    "counters": {
      "totals": {},
      "by_tipo": {}
    }
  },
  {
    "empresa": "ELEVARE CLINIC",
    "cnpj": null,
    "raw": {
      "ID": "25",
      "Identificador": "51.897.178/0001-18",
      "Razao": "ELEVARE CLINIC LTDA",
      "Fantasia": "ELEVARE CLINIC",
      "Status": "Ativa"
    },
    "counters": {
      "totals": {},
      "by_tipo": {}
    }
  },
  {
    "empresa": "ELLO ENGENHARIA E SERVICOS",
    "cnpj": null,
    "raw": {
      "ID": "321",
      "Identificador": "32.126.649/0001-40",
      "Razao": "ELLO ENGENHARIA E SERVICOS LTDA",
      "Fantasia": "ELLO ENGENHARIA E SERVICOS",
      "Status": "Ativa"
    },
    "counters": {
      "totals": {},
      "by_tipo": {}
    }
  },
  {
    "empresa": "EMBALAGENS MOURA MERCIARIA",
    "cnpj": null,
    "raw": {
      "ID": "7657-01-01 00:00:00",
      "Identificador": "03.778.907/0001-74",
      "Razao": "EMBALAGENS MOURA LTDA",
      "Fantasia": "EMBALAGENS MOURA MERCIARIA",
      "Status": "Ativa"
    },
    "counters": {
      "totals": {},
      "by_tipo": {}
    }
  },
  {
    "empresa": "EMPORIO RESTAURANTE BICA DA AGUA",
    "cnpj": null,
    "raw": {
      "ID": "13",
      "Identificador": "54.812.567/0001-91",
      "Razao": "EMPORIO RESTAURANTE BICA DA AGUA LTDA",
      "Fantasia": "EMPORIO RESTAURANTE BICA DA AGUA",
      "Status": "Ativa"
    },
    "counters": {
      "totals": {},
      "by_tipo": {}
    }
  },
  {
    "empresa": "ENVASE INDUSTRIA DE BEBIDAS",
    "cnpj": null,
    "raw": {
      "ID": "39",
      "Identificador": "52.432.412/0001-02",
      "Razao": "ENVASE INDUSTRIA DE BEBIDAS LTDA",
      "Fantasia": "ENVASE INDUSTRIA DE BEBIDAS",
      "Status": "Ativa"
    },
    "counters": {
      "totals": {},
      "by_tipo": {}
    }
  },
  {
    "empresa": "ERIVESTE MODELADORES",
    "cnpj": null,
    "raw": {
      "ID": "65",
      "Identificador": "55.517.525/0001-90",
      "Razao": "ERIPUBLI LTDA",
      "Fantasia": "ERIVESTE MODELADORES",
      "Status": "Ativa"
    },
    "counters": {
      "totals": {},
      "by_tipo": {}
    }
  },
  {
    "empresa": "ESPACO TERAPEUTICO NOVO OLHAR",
    "cnpj": null,
    "raw": {
      "ID": "2",
      "Identificador": "51.784.160/0001-00",
      "Razao": "ESPACO TERAPEUTICO NOVO OLHAR LTDA",
      "Fantasia": "ESPACO TERAPEUTICO NOVO OLHAR",
      "Status": "Ativa"
    },
    "counters": {
      "totals": {},
      "by_tipo": {}
    }
  },
  {
    "empresa": "CENTRAL GAS",
    "cnpj": null,
    "raw": {
      "ID": "8090-01-01 00:00:00",
      "Identificador": "04.829.039/0001-77",
      "Razao": "FABIANA PATRICIA ALVES LTDA",
      "Fantasia": "CENTRAL GAS",
      "Status": "Ativa"
    },
    "counters": {
      "totals": {},
      "by_tipo": {}
    }
  },
  {
    "empresa": "FACCIAL ODONTOLOGIA ESPECIALIZADA",
    "cnpj": null,
    "raw": {
      "ID": "301",
      "Identificador": "30.832.593/0001-13",
      "Razao": "FACCIAL ODONTOLOGIA ESPECIALIZADA LTDA",
      "Fantasia": "FACCIAL ODONTOLOGIA ESPECIALIZADA",
      "Status": "Ativa"
    },
    "counters": {
      "totals": {},
      "by_tipo": {}
    }
  },
  {
    "empresa": "FANTASIAS.COM",
    "cnpj": null,
    "raw": {
      "ID": "12",
      "Identificador": "13.475.865/0001-56",
      "Razao": "FANTASIAS.COM LTDA",
      "Fantasia": "FANTASIAS.COM",
      "Status": "Ativa"
    },
    "counters": {
      "totals": {},
      "by_tipo": {}
    }
  },
  {
    "empresa": "FGGOMES SERVICOS MEDICOS",
    "cnpj": null,
    "raw": {
      "ID": "270",
      "Identificador": "27.243.364/0001-59",
      "Razao": "FCGOMES SERVICOS MEDICOS LTDA",
      "Fantasia": "FGGOMES SERVICOS MEDICOS",
      "Status": "Ativa"
    },
    "counters": {
      "totals": {},
      "by_tipo": {}
    }
  },
  {
    "empresa": "FONSECA & ALVES REPRESENTACOES",
    "cnpj": null,
    "raw": {
      "ID": "40",
      "Identificador": "14.535.676/0001-94",
      "Razao": "FONSECA & ALVES REPRESENTACOES LTDA",
      "Fantasia": "FONSECA & ALVES REPRESENTACOES",
      "Status": "Ativa"
    },
    "counters": {
      "totals": {},
      "by_tipo": {}
    }
  },
  {
    "empresa": "FORMOSA PANIFICACAO",
    "cnpj": null,
    "raw": {
      "ID": "241",
      "Identificador": "21.101.502/0001-89",
      "Razao": "FORMOSA PANIFICACAO LTDA",
      "Fantasia": "FORMOSA PANIFICACAO",
      "Status": "Ativa"
    },
    "counters": {
      "totals": {},
      "by_tipo": {}
    }
  },
  {
    "empresa": "FORMOSA PRESTACAO DE SERVICOS",
    "cnpj": null,
    "raw": {
      "ID": "489",
      "Identificador": "46.934.850/0001-68",
      "Razao": "FORMOSA PRESTACAO DE SERVICOS LTDA",
      "Fantasia": "FORMOSA PRESTACAO DE SERVICOS",
      "Status": "Ativa"
    },
    "counters": {
      "totals": {},
      "by_tipo": {}
    }
  },
  {
    "empresa": "FOSCRIA NUTRICAO ANIMAL",
    "cnpj": null,
    "raw": {
      "ID": "19273",
      "Identificador": "11.219.154/0001-95",
      "Razao": "FOSCRIA NUTRICAO ANIMAL LTDA",
      "Fantasia": "FOSCRIA NUTRICAO ANIMAL",
      "Status": "Ativa"
    },
    "counters": {
      "totals": {},
      "by_tipo": {}
    }
  },
  {
    "empresa": "GRUPO ENNERGIA",
    "cnpj": null,
    "raw": {
      "ID": "232",
      "Identificador": "24.739.277/0001-07",
      "Razao": "FREITAS & NASCIMENTO LTDA",
      "Fantasia": "GRUPO ENNERGIA",
      "Status": "Ativa"
    },
    "counters": {
      "totals": {},
      "by_tipo": {}
    }
  },
  {
    "empresa": "MEDEIROS TRANSPORTES",
    "cnpj": null,
    "raw": {
      "ID": "263",
      "Identificador": "17.504.870/0001-09",
      "Razao": "G F MEDEIROS TRANSPORTES",
      "Fantasia": "MEDEIROS TRANSPORTES",
      "Status": "Ativa"
    },
    "counters": {
      "totals": {},
      "by_tipo": {}
    }
  },
  {
    "empresa": "GESSO HONORIO",
    "cnpj": null,
    "raw": {
      "ID": "52",
      "Identificador": "25.448.061/0001-47",
      "Razao": "GESSO HONORIO LTDA",
      "Fantasia": "GESSO HONORIO",
      "Status": "Ativa"
    },
    "counters": {
      "totals": {},
      "by_tipo": {}
    }
  },
  {
    "empresa": "GESTARE ET EDUCARE",
    "cnpj": null,
    "raw": {
      "ID": "12456",
      "Identificador": "08.821.047/0001-28",
      "Razao": "GESTARE ET EDUCARE ASSESSORIA E GESTAO LTDA",
      "Fantasia": "GESTARE ET EDUCARE",
      "Status": "Ativa"
    },
    "counters": {
      "totals": {},
      "by_tipo": {}
    }
  },
  {
    "empresa": "GH SISTEMAS CONSTRUTIVOS",
    "cnpj": null,
    "raw": {
      "ID": "72",
      "Identificador": "55.741.687/0001-08",
      "Razao": "GH SISTEMAS CONSTRUTIVOS LTDA",
      "Fantasia": "GH SISTEMAS CONSTRUTIVOS",
      "Status": "Ativa"
    },
    "counters": {
      "totals": {},
      "by_tipo": {}
    }
  },
  {
    "empresa": "GH SISTEMAS CONSTRUTIVOS",
    "cnpj": null,
    "raw": {
      "ID": "19",
      "Identificador": "55.741.687/0002-99",
      "Razao": "GH SISTEMAS CONSTRUTIVOS LTDA",
      "Fantasia": "GH SISTEMAS CONSTRUTIVOS",
      "Status": "Ativa"
    },
    "counters": {
      "totals": {},
      "by_tipo": {}
    }
  },
  {
    "empresa": "JEANS WEST",
    "cnpj": null,
    "raw": {
      "ID": "82",
      "Identificador": "58.764.857/0001-68",
      "Razao": "GM FALCAO CONFECCOES LTDA",
      "Fantasia": "JEANS WEST",
      "Status": "Ativa"
    },
    "counters": {
      "totals": {},
      "by_tipo": {}
    }
  },
  {
    "empresa": "CASA DA PANKEKA",
    "cnpj": null,
    "raw": {
      "ID": "486",
      "Identificador": "46.757.883/0001-80",
      "Razao": "GONDIM E GONDIM LTDA",
      "Fantasia": "CASA DA PANKEKA",
      "Status": "Ativa"
    },
    "counters": {
      "totals": {},
      "by_tipo": {}
    }
  },
  {
    "empresa": "GRAAN ALIMENTOS",
    "cnpj": null,
    "raw": {
      "ID": "349",
      "Identificador": "34.324.600/0001-27",
      "Razao": "GRAAN ALIMENTOS LTDA",
      "Fantasia": "GRAAN ALIMENTOS",
      "Status": "Ativa"
    },
    "counters": {
      "totals": {},
      "by_tipo": {}
    }
  },
  {
    "empresa": "GRAAN ALIMENTOS",
    "cnpj": null,
    "raw": {
      "ID": "9",
      "Identificador": "49.763.344/0001-41",
      "Razao": "GRAAN COMERCIAL LTDA",
      "Fantasia": "GRAAN ALIMENTOS",
      "Status": "Ativa"
    },
    "counters": {
      "totals": {},
      "by_tipo": {}
    }
  },
  {
    "empresa": "GREEN CONSTRUCOES URBANAS",
    "cnpj": null,
    "raw": {
      "ID": "466",
      "Identificador": "10.608.734/0002-92",
      "Razao": "GREEN AMBIENTAL LTDA",
      "Fantasia": "GREEN CONSTRUCOES URBANAS",
      "Status": "Ativa"
    },
    "counters": {
      "totals": {},
      "by_tipo": {}
    }
  },
  {
    "empresa": "GREEN CONSTRUCOES URBANAS",
    "cnpj": null,
    "raw": {
      "ID": "465",
      "Identificador": "10.608.734/0001-01",
      "Razao": "GREEN AMBIENTAL LTDA",
      "Fantasia": "GREEN CONSTRUCOES URBANAS",
      "Status": "Ativa"
    },
    "counters": {
      "totals": {},
      "by_tipo": {}
    }
  },
  {
    "empresa": "GREEN CONSTRUCOES URBANAS",
    "cnpj": null,
    "raw": {
      "ID": "464",
      "Identificador": "10.608.734/0003-73",
      "Razao": "GREEN AMBIENTAL LTDA",
      "Fantasia": "GREEN CONSTRUCOES URBANAS",
      "Status": "Ativa"
    },
    "counters": {
      "totals": {},
      "by_tipo": {}
    }
  },
  {
    "empresa": "G7",
    "cnpj": null,
    "raw": {
      "ID": "15",
      "Identificador": "04.240.555/0001-61",
      "Razao": "GSETTI TECNOLOGIA LTDA",
      "Fantasia": "G7",
      "Status": "Ativa"
    },
    "counters": {
      "totals": {},
      "by_tipo": {}
    }
  },
  {
    "empresa": "DM SERVICE",
    "cnpj": null,
    "raw": {
      "ID": "494",
      "Identificador": "47.974.051/0001-88",
      "Razao": "GSM MANUTENCAO INDUSTRIAL LTDA",
      "Fantasia": "DM SERVICE",
      "Status": "Ativa"
    },
    "counters": {
      "totals": {},
      "by_tipo": {}
    }
  },
  {
    "empresa": "GUAIMBE ESPACO E MOVIMENTO CRIATIVO",
    "cnpj": null,
    "raw": {
      "ID": "10140",
      "Identificador": "04.874.425/0001-80",
      "Razao": "GUAIMBE ESPACOE MOVIMENTO CRIATIVO",
      "Fantasia": "GUAIMBE ESPACO E MOVIMENTO CRIATIVO",
      "Status": "Ativa"
    },
    "counters": {
      "totals": {},
      "by_tipo": {}
    }
  },
  {
    "empresa": "HELDER GAS",
    "cnpj": null,
    "raw": {
      "ID": "15506",
      "Identificador": "09.443.871/0001-54",
      "Razao": "H S L GAS LTDA",
      "Fantasia": "HELDER GAS",
      "Status": "Ativa"
    },
    "counters": {
      "totals": {},
      "by_tipo": {}
    }
  },
  {
    "empresa": "MERCEARIA CARRIJO",
    "cnpj": null,
    "raw": {
      "ID": "47",
      "Identificador": "14.751.414/0001-67",
      "Razao": "HERMES CARRIJO COELHO",
      "Fantasia": "MERCEARIA CARRIJO",
      "Status": "Ativa"
    },
    "counters": {
      "totals": {},
      "by_tipo": {}
    }
  },
  {
    "empresa": "HGP-PHARMA",
    "cnpj": null,
    "raw": {
      "ID": "98",
      "Identificador": "52.222.994/0001-94",
      "Razao": "HGP-PHARMA CONSULTORIA LTDA",
      "Fantasia": "HGP-PHARMA",
      "Status": "Ativa"
    },
    "counters": {
      "totals": {},
      "by_tipo": {}
    }
  },
  {
    "empresa": "HST REPRESENTACOES",
    "cnpj": null,
    "raw": {
      "ID": "450",
      "Identificador": "08.714.427/0001-63",
      "Razao": "HST REPRESENTACOES LTDA",
      "Fantasia": "HST REPRESENTACOES",
      "Status": "Ativa"
    },
    "counters": {
      "totals": {},
      "by_tipo": {}
    }
  },
  {
    "empresa": "HUBJET TRANSPORTES",
    "cnpj": null,
    "raw": {
      "ID": "57",
      "Identificador": "40.691.811/0001-09",
      "Razao": "HUBJET TRANSPORTES LTDA",
      "Fantasia": "HUBJET TRANSPORTES",
      "Status": "Ativa"
    },
    "counters": {
      "totals": {},
      "by_tipo": {}
    }
  },
  {
    "empresa": "H Z ADMINISTRACAO E PUBLICIDADE",
    "cnpj": null,
    "raw": {
      "ID": "9698-01-01 00:00:00",
      "Identificador": "07.936.104/0001-51",
      "Razao": "HZ COMUNICACAO E PLANEJAMENTO LTDA",
      "Fantasia": "H Z ADMINISTRACAO E PUBLICIDADE",
      "Status": "Ativa"
    },
    "counters": {
      "totals": {},
      "by_tipo": {}
    }
  },
  {
    "empresa": "I F DE JESUS LTDA",
    "cnpj": null,
    "raw": {
      "ID": "4",
      "Identificador": "49.357.720/0001-06",
      "Razao": "I F DE JESUS LTDA",
      "Fantasia": "I F DE JESUS LTDA",
      "Status": "Ativa"
    },
    "counters": {
      "totals": {},
      "by_tipo": {}
    }
  },
  {
    "empresa": "INDUSTRIA DE CARNES OTTO",
    "cnpj": null,
    "raw": {
      "ID": "14455",
      "Identificador": "00.769.423/0001-70",
      "Razao": "INDUSTRIA E COMERCIO DE CARNES OTTO LTDA",
      "Fantasia": "INDUSTRIA DE CARNES OTTO",
      "Status": "Ativa"
    },
    "counters": {
      "totals": {},
      "by_tipo": {}
    }
  },
  {
    "empresa": "INNOVATION MUSIC",
    "cnpj": null,
    "raw": {
      "ID": "80",
      "Identificador": "57.983.433/0001-21",
      "Razao": "INNOVATION PRODUCOES ARTISTICAS LTDA",
      "Fantasia": "INNOVATION MUSIC",
      "Status": "Ativa"
    },
    "counters": {
      "totals": {},
      "by_tipo": {}
    }
  },
  {
    "empresa": "INSTITUTO GEAN",
    "cnpj": null,
    "raw": {
      "ID": "316",
      "Identificador": "31.284.081/0001-22",
      "Razao": "INSTITUTO GEAN LTDA",
      "Fantasia": "INSTITUTO GEAN",
      "Status": "Ativa"
    },
    "counters": {
      "totals": {},
      "by_tipo": {}
    }
  },
  {
    "empresa": "VENTURA ENGENHARIA E MAQUINAS",
    "cnpj": null,
    "raw": {
      "ID": "540",
      "Identificador": "21.550.795/0001-81",
      "Razao": "J S VIEIRA LTDA",
      "Fantasia": "VENTURA ENGENHARIA E MAQUINAS",
      "Status": "Ativa"
    },
    "counters": {
      "totals": {},
      "by_tipo": {}
    }
  },
  {
    "empresa": "JC ESTOFADOS",
    "cnpj": null,
    "raw": {
      "ID": "54",
      "Identificador": "13.144.387/0001-00",
      "Razao": "JC ESTOFADOS LTDA",
      "Fantasia": "JC ESTOFADOS",
      "Status": "Ativa"
    },
    "counters": {
      "totals": {},
      "by_tipo": {}
    }
  },
  {
    "empresa": "SILVA GAS",
    "cnpj": null,
    "raw": {
      "ID": "27",
      "Identificador": "50.596.981/0001-50",
      "Razao": "JCS COMERCIAL DE GAS LTDA",
      "Fantasia": "SILVA GAS",
      "Status": "Ativa"
    },
    "counters": {
      "totals": {},
      "by_tipo": {}
    }
  },
  {
    "empresa": "CASA ANHANGUERA",
    "cnpj": null,
    "raw": {
      "ID": "485",
      "Identificador": "46.758.047/0001-10",
      "Razao": "KAG AGROPECUARIA LTDA",
      "Fantasia": "CASA ANHANGUERA",
      "Status": "Ativa"
    },
    "counters": {
      "totals": {},
      "by_tipo": {}
    }
  },
  {
    "empresa": "KZA.U ARQUITETURA E ENGENHARIA",
    "cnpj": null,
    "raw": {
      "ID": "75",
      "Identificador": "34.938.827/0001-62",
      "Razao": "KZA.U ARQUITETURA E ENGENHARIA INTEGRADA LTDA",
      "Fantasia": "KZA.U ARQUITETURA E ENGENHARIA",
      "Status": "Ativa"
    },
    "counters": {
      "totals": {},
      "by_tipo": {}
    }
  },
  {
    "empresa": "CENTRO OESTE GAS",
    "cnpj": null,
    "raw": {
      "ID": "8088-01-01 00:00:00",
      "Identificador": "03.530.737/0001-04",
      "Razao": "L L DA SILVA OLIVEIRA & CIA LTDA",
      "Fantasia": "CENTRO OESTE GAS",
      "Status": "Ativa"
    },
    "counters": {
      "totals": {},
      "by_tipo": {}
    }
  },
  {
    "empresa": "L S MIGLIAVACCA",
    "cnpj": null,
    "raw": {
      "ID": "81",
      "Identificador": "59.008.007/0001-00",
      "Razao": "L S MIGLIAVACCA LTDA",
      "Fantasia": "L S MIGLIAVACCA",
      "Status": "Ativa"
    },
    "counters": {
      "totals": {},
      "by_tipo": {}
    }
  },
  {
    "empresa": "LA TRATTORIA DI LANA CUCINA ITALIANA",
    "cnpj": null,
    "raw": {
      "ID": "42",
      "Identificador": "46.038.083/0001-09",
      "Razao": "LA TRATTORIA DI LANA LTDA",
      "Fantasia": "LA TRATTORIA DI LANA CUCINA ITALIANA",
      "Status": "Ativa"
    },
    "counters": {
      "totals": {},
      "by_tipo": {}
    }
  },
  {
    "empresa": "LB SERVICOS DE FONOAUDIOLOGIA",
    "cnpj": null,
    "raw": {
      "ID": "34",
      "Identificador": "52.507.478/0001-06",
      "Razao": "LB SERVICOS DE FONOAUDIOLOGIA LTDA",
      "Fantasia": "LB SERVICOS DE FONOAUDIOLOGIA",
      "Status": "Ativa"
    },
    "counters": {
      "totals": {},
      "by_tipo": {}
    }
  },
  {
    "empresa": "LC DISTRIBUIDORA DE CIMENTOS",
    "cnpj": null,
    "raw": {
      "ID": "22",
      "Identificador": "13.781.288/0001-20",
      "Razao": "LC DISTRIBUIDORA DE CIMENTOS LTDA",
      "Fantasia": "LC DISTRIBUIDORA DE CIMENTOS",
      "Status": "Ativa"
    },
    "counters": {
      "totals": {},
      "by_tipo": {}
    }
  },
  {
    "empresa": "LEANDRO SARDINHA DE LISBOA SOCIEDADE INDIVIDUAL DE ADVOCACIA",
    "cnpj": null,
    "raw": {
      "ID": "309",
      "Identificador": "31.420.247/0001-90",
      "Razao": "LEANDRO SARDINHA DE LISBOA SOCIEDADE INDIVIDUAL DE ADVOCACIA",
      "Fantasia": "LEANDRO SARDINHA DE LISBOA SOCIEDADE INDIVIDUAL DE ADVOCACIA",
      "Status": "Ativa"
    },
    "counters": {
      "totals": {},
      "by_tipo": {}
    }
  },
  {
    "empresa": "LAJES ANAPOLINA",
    "cnpj": null,
    "raw": {
      "ID": "3318-01-01 00:00:00",
      "Identificador": "02.776.664/0001-72",
      "Razao": "LEDRA & LEDRA LTDA",
      "Fantasia": "LAJES ANAPOLINA",
      "Status": "Ativa"
    },
    "counters": {
      "totals": {},
      "by_tipo": {}
    }
  },
  {
    "empresa": "LEDRA LOCACOES E SERVICOS",
    "cnpj": null,
    "raw": {
      "ID": "490",
      "Identificador": "47.680.967/0001-25",
      "Razao": "LEDRA LOCACOES E SERVICOS LTDA",
      "Fantasia": "LEDRA LOCACOES E SERVICOS",
      "Status": "Ativa"
    },
    "counters": {
      "totals": {},
      "by_tipo": {}
    }
  },
  {
    "empresa": "QUALIEND - QUALIDADE EM ENSAIOS NAO DESTRUTIVOS",
    "cnpj": null,
    "raw": {
      "ID": "237",
      "Identificador": "05.589.400/0001-06",
      "Razao": "LEMOS E OLIVEIRA CONSTRUCAO E MONTAGEM INDUSTRIAL LTDA",
      "Fantasia": "QUALIEND - QUALIDADE EM ENSAIOS NAO DESTRUTIVOS",
      "Status": "Ativa"
    },
    "counters": {
      "totals": {},
      "by_tipo": {}
    }
  },
  {
    "empresa": "INSTITUTO LONGHI DE MEDICINA INTEGRATIVA",
    "cnpj": null,
    "raw": {
      "ID": "442",
      "Identificador": "42.810.759/0001-80",
      "Razao": "LIVIA M LONGHI CARISIO",
      "Fantasia": "INSTITUTO LONGHI DE MEDICINA INTEGRATIVA",
      "Status": "Ativa"
    },
    "counters": {
      "totals": {},
      "by_tipo": {}
    }
  },
  {
    "empresa": "CENTRO OESTE GAS",
    "cnpj": null,
    "raw": {
      "ID": "8089-01-01 00:00:00",
      "Identificador": "03.163.171/0008-04",
      "Razao": "LL DA SILVA & CIA. LTDA.",
      "Fantasia": "CENTRO OESTE GAS",
      "Status": "Ativa"
    },
    "counters": {
      "totals": {},
      "by_tipo": {}
    }
  },
  {
    "empresa": "CENTRO OESTE GAS",
    "cnpj": null,
    "raw": {
      "ID": "8087-01-01 00:00:00",
      "Identificador": "03.163.171/0006-34",
      "Razao": "LL DA SILVA & CIA. LTDA.",
      "Fantasia": "CENTRO OESTE GAS",
      "Status": "Ativa"
    },
    "counters": {
      "totals": {},
      "by_tipo": {}
    }
  },
  {
    "empresa": "CENTRO OESTE GAS",
    "cnpj": null,
    "raw": {
      "ID": "8064-01-01 00:00:00",
      "Identificador": "03.163.171/0001-20",
      "Razao": "LL DA SILVA & CIA. LTDA.",
      "Fantasia": "CENTRO OESTE GAS",
      "Status": "Ativa"
    },
    "counters": {
      "totals": {},
      "by_tipo": {}
    }
  },
  {
    "empresa": "LOC E LOG LOCACOES E LOGISTICA LTDA",
    "cnpj": null,
    "raw": {
      "ID": "5",
      "Identificador": "42.427.749/0001-60",
      "Razao": "LOC E LOG LOCACOES E LOGISTICA LTDA",
      "Fantasia": "LOC E LOG LOCACOES E LOGISTICA LTDA",
      "Status": "Ativa"
    },
    "counters": {
      "totals": {},
      "by_tipo": {}
    }
  },
  {
    "empresa": "LOC E LOG TRANSPORTES",
    "cnpj": null,
    "raw": {
      "ID": "476",
      "Identificador": "46.343.502/0001-16",
      "Razao": "LOC E LOG TRANSPORTES LTDA",
      "Fantasia": "LOC E LOG TRANSPORTES",
      "Status": "Ativa"
    },
    "counters": {
      "totals": {},
      "by_tipo": {}
    }
  },
  {
    "empresa": "LOTERICA PEDRINHO PORTO RICO - JAIARA",
    "cnpj": null,
    "raw": {
      "ID": "101",
      "Identificador": "17.873.265/0001-05",
      "Razao": "LOTERICA PEDRINHO PORTO RICO - JAIARA LTDA",
      "Fantasia": "LOTERICA PEDRINHO PORTO RICO - JAIARA",
      "Status": "Ativa"
    },
    "counters": {
      "totals": {},
      "by_tipo": {}
    }
  },
  {
    "empresa": "CENTRAL GAS",
    "cnpj": null,
    "raw": {
      "ID": "10",
      "Identificador": "49.775.697/0001-61",
      "Razao": "M G GRACIA LEITE LTDA",
      "Fantasia": "CENTRAL GAS",
      "Status": "Ativa"
    },
    "counters": {
      "totals": {},
      "by_tipo": {}
    }
  },
  {
    "empresa": "CLINICA GALDEANO",
    "cnpj": null,
    "raw": {
      "ID": "8",
      "Identificador": "09.075.184/0001-23",
      "Razao": "M.A. GALDEANO & CIA LTDA",
      "Fantasia": "CLINICA GALDEANO",
      "Status": "Ativa"
    },
    "counters": {
      "totals": {},
      "by_tipo": {}
    }
  },
  {
    "empresa": "M3js Adm",
    "cnpj": null,
    "raw": {
      "ID": "97",
      "Identificador": "62.525.534/0001-99",
      "Razao": "M3JS ADMINISTRADORA LTDA",
      "Fantasia": "M3js Adm",
      "Status": "Ativa"
    },
    "counters": {
      "totals": {},
      "by_tipo": {}
    }
  },
  {
    "empresa": "MANDRAKE EMPRENDIMENTOS IMOBILIARIOS",
    "cnpj": null,
    "raw": {
      "ID": "5804-01-01 00:00:00",
      "Identificador": "01.041.623/0001-75",
      "Razao": "MANDRAKE EMPREENDIMENTOS IMOBILIARIOS LTDA",
      "Fantasia": "MANDRAKE EMPRENDIMENTOS IMOBILIARIOS",
      "Status": "Ativa"
    },
    "counters": {
      "totals": {},
      "by_tipo": {}
    }
  },
  {
    "empresa": "MAQUINAS POR PERTO",
    "cnpj": null,
    "raw": {
      "ID": "331",
      "Identificador": "32.918.426/0001-15",
      "Razao": "MAQUINAS POR PERTO LTDA",
      "Fantasia": "MAQUINAS POR PERTO",
      "Status": "Ativa"
    },
    "counters": {
      "totals": {},
      "by_tipo": {}
    }
  },
  {
    "empresa": "MARIETTA BAR E RESTAURANTE",
    "cnpj": null,
    "raw": {
      "ID": "41",
      "Identificador": "52.586.943/0001-41",
      "Razao": "MARIETTA BAR E RESTAURANTE LTDA",
      "Fantasia": "MARIETTA BAR E RESTAURANTE",
      "Status": "Ativa"
    },
    "counters": {
      "totals": {},
      "by_tipo": {}
    }
  },
  {
    "empresa": "MARMORANA",
    "cnpj": null,
    "raw": {
      "ID": "475",
      "Identificador": "46.484.292/0001-86",
      "Razao": "MARMORANA LTDA",
      "Fantasia": "MARMORANA",
      "Status": "Ativa"
    },
    "counters": {
      "totals": {},
      "by_tipo": {}
    }
  },
  {
    "empresa": "MARMORARIA VITORIA",
    "cnpj": null,
    "raw": {
      "ID": "7663-01-01 00:00:00",
      "Identificador": "04.836.577/0001-99",
      "Razao": "MARMORARIA VITORIA LTDA",
      "Fantasia": "MARMORARIA VITORIA",
      "Status": "Ativa"
    },
    "counters": {
      "totals": {},
      "by_tipo": {}
    }
  },
  {
    "empresa": "MASTER AR CONDICIONADO",
    "cnpj": null,
    "raw": {
      "ID": "109",
      "Identificador": "18.467.652/0001-04",
      "Razao": "MASTER AR CONDICIONADO LTDA",
      "Fantasia": "MASTER AR CONDICIONADO",
      "Status": "Ativa"
    },
    "counters": {
      "totals": {},
      "by_tipo": {}
    }
  },
  {
    "empresa": "MASTER CONSTRUCOES LTDA",
    "cnpj": null,
    "raw": {
      "ID": "94",
      "Identificador": "02.551.753/0001-10",
      "Razao": "MASTER CONSTRUCOES LTDA",
      "Fantasia": "MASTER CONSTRUCOES LTDA",
      "Status": "Ativa"
    },
    "counters": {
      "totals": {},
      "by_tipo": {}
    }
  },
  {
    "empresa": "MASTOLOGIA CAETANO",
    "cnpj": null,
    "raw": {
      "ID": "354",
      "Identificador": "34.589.805/0001-34",
      "Razao": "MASTOLOGIA CAETANO LTDA",
      "Fantasia": "MASTOLOGIA CAETANO",
      "Status": "Ativa"
    },
    "counters": {
      "totals": {},
      "by_tipo": {}
    }
  },
  {
    "empresa": "MB CONSULTORIA AMBIENTAL",
    "cnpj": null,
    "raw": {
      "ID": "500",
      "Identificador": "49.327.466/0001-95",
      "Razao": "MB CONSULTORIA AMBIENTAL LTDA",
      "Fantasia": "MB CONSULTORIA AMBIENTAL",
      "Status": "Ativa"
    },
    "counters": {
      "totals": {},
      "by_tipo": {}
    }
  },
  {
    "empresa": "MEGATON SOLUCOES EM ELETRONICA INDUSTRIAL",
    "cnpj": null,
    "raw": {
      "ID": "136",
      "Identificador": "15.709.517/0001-21",
      "Razao": "MEGATON SERVICOS LTDA",
      "Fantasia": "MEGATON SOLUCOES EM ELETRONICA INDUSTRIAL",
      "Status": "Ativa"
    },
    "counters": {
      "totals": {},
      "by_tipo": {}
    }
  },
  {
    "empresa": "MERCADI.IN",
    "cnpj": null,
    "raw": {
      "ID": "50",
      "Identificador": "55.750.096/0001-05",
      "Razao": "MERCADI.IN MERCADOS AUTONOMOS LTDA",
      "Fantasia": "MERCADI.IN",
      "Status": "Ativa"
    },
    "counters": {
      "totals": {},
      "by_tipo": {}
    }
  },
  {
    "empresa": "MERCANTIL EMPREENDIMENTOS IMOBILIARIOS",
    "cnpj": null,
    "raw": {
      "ID": "4922-01-01 00:00:00",
      "Identificador": "00.544.901/0001-44",
      "Razao": "MERCANTIL DISTRIBUIDORA DE ALIMENTOS LTDA",
      "Fantasia": "MERCANTIL EMPREENDIMENTOS IMOBILIARIOS",
      "Status": "Ativa"
    },
    "counters": {
      "totals": {},
      "by_tipo": {}
    }
  },
  {
    "empresa": "MERCATOP",
    "cnpj": null,
    "raw": {
      "ID": "61",
      "Identificador": "15.120.838/0001-96",
      "Razao": "MERCATOP DISTRIBUIDORA LTDA",
      "Fantasia": "MERCATOP",
      "Status": "Ativa"
    },
    "counters": {
      "totals": {},
      "by_tipo": {}
    }
  },
  {
    "empresa": "MIX GAS",
    "cnpj": null,
    "raw": {
      "ID": "389",
      "Identificador": "15.491.548/0001-59",
      "Razao": "MIX GAS COMERCIAL LTDA",
      "Fantasia": "MIX GAS",
      "Status": "Ativa"
    },
    "counters": {
      "totals": {},
      "by_tipo": {}
    }
  },
  {
    "empresa": "EMPORIO DE MINAS",
    "cnpj": null,
    "raw": {
      "ID": "238",
      "Identificador": "25.064.589/0001-12",
      "Razao": "MONTSERRAT COMERCIO E SERVICOS LTDA",
      "Fantasia": "EMPORIO DE MINAS",
      "Status": "Ativa"
    },
    "counters": {
      "totals": {},
      "by_tipo": {}
    }
  },
  {
    "empresa": "MOUSSA CONSTRUTORA E PROJETOS",
    "cnpj": null,
    "raw": {
      "ID": "406",
      "Identificador": "38.135.574/0001-40",
      "Razao": "MOUSSA CONSTRUTORA LTDA",
      "Fantasia": "MOUSSA CONSTRUTORA E PROJETOS",
      "Status": "Ativa"
    },
    "counters": {
      "totals": {},
      "by_tipo": {}
    }
  },
  {
    "empresa": "MULTIPECAS REFRIGERACAO E ELETRODOMESTICOS",
    "cnpj": null,
    "raw": {
      "ID": "89",
      "Identificador": "02.673.851/0001-20",
      "Razao": "MULTIPECAS REFRIGERACAO E ELETRODOMESTICOS LTDA",
      "Fantasia": "MULTIPECAS REFRIGERACAO E ELETRODOMESTICOS",
      "Status": "Ativa"
    },
    "counters": {
      "totals": {},
      "by_tipo": {}
    }
  },
  {
    "empresa": "NADO LIVRE",
    "cnpj": null,
    "raw": {
      "ID": "473",
      "Identificador": "45.983.155/0001-23",
      "Razao": "NADO LIVRE LTDA",
      "Fantasia": "NADO LIVRE",
      "Status": "Ativa"
    },
    "counters": {
      "totals": {},
      "by_tipo": {}
    }
  },
  {
    "empresa": "NELIA CARVALHO DE SOUZA",
    "cnpj": null,
    "raw": {
      "ID": "20282",
      "Identificador": "11.657.077/0001-55",
      "Razao": "NELIA CARVALHO DE SOUZA",
      "Fantasia": "NELIA CARVALHO DE SOUZA",
      "Status": "Ativa"
    },
    "counters": {
      "totals": {},
      "by_tipo": {}
    }
  },
  {
    "empresa": "LABORATORIO XAVIER",
    "cnpj": null,
    "raw": {
      "ID": "161",
      "Identificador": "11.760.778/0001-15",
      "Razao": "NELSON XAVIER DA SILVA SANTOS",
      "Fantasia": "LABORATORIO XAVIER",
      "Status": "Ativa"
    },
    "counters": {
      "totals": {},
      "by_tipo": {}
    }
  },
  {
    "empresa": "NETO CONTABILIDADE",
    "cnpj": null,
    "raw": {
      "ID": "1",
      "Identificador": "07.872.563/0001-19",
      "Razao": "NETO CONTABILIDADE LTDA",
      "Fantasia": "NETO CONTABILIDADE",
      "Status": "Ativa"
    },
    "counters": {
      "totals": {},
      "by_tipo": {}
    }
  },
  {
    "empresa": "NOBEL",
    "cnpj": null,
    "raw": {
      "ID": "483",
      "Identificador": "46.901.200/0001-16",
      "Razao": "NOBEL LOCACOES E SERVICOS LTDA",
      "Fantasia": "NOBEL",
      "Status": "Ativa"
    },
    "counters": {
      "totals": {},
      "by_tipo": {}
    }
  },
  {
    "empresa": "NUNES GAS",
    "cnpj": null,
    "raw": {
      "ID": "468",
      "Identificador": "45.683.176/0001-23",
      "Razao": "NUNES GAS LTDA",
      "Fantasia": "NUNES GAS",
      "Status": "Ativa"
    },
    "counters": {
      "totals": {},
      "by_tipo": {}
    }
  },
  {
    "empresa": "PALOMA EXPORTS IMPORTADORA E EXPORTADORA LTDA",
    "cnpj": null,
    "raw": {
      "ID": "30",
      "Identificador": "06.303.814/0001-81",
      "Razao": "PALOMA EXPORTS IMPORTADORA E EXPORTADORA LTDA",
      "Fantasia": "PALOMA EXPORTS IMPORTADORA E EXPORTADORA LTDA",
      "Status": "Ativa"
    },
    "counters": {
      "totals": {},
      "by_tipo": {}
    }
  },
  {
    "empresa": "PINGUIM ATACADO",
    "cnpj": null,
    "raw": {
      "ID": "3",
      "Identificador": "49.640.086/0001-06",
      "Razao": "PINGUIM ATACADO DE BEBIDAS LTDA",
      "Fantasia": "PINGUIM ATACADO",
      "Status": "Ativa"
    },
    "counters": {
      "totals": {},
      "by_tipo": {}
    }
  },
  {
    "empresa": "PIRENOPOLIS VEICULOS",
    "cnpj": null,
    "raw": {
      "ID": "78",
      "Identificador": "57.981.613/0001-74",
      "Razao": "PIRENOPOLIS VEICULOS LTDA",
      "Fantasia": "PIRENOPOLIS VEICULOS",
      "Status": "Ativa"
    },
    "counters": {
      "totals": {},
      "by_tipo": {}
    }
  },
  {
    "empresa": "PLIE STUDIO DE DANCA",
    "cnpj": null,
    "raw": {
      "ID": "269",
      "Identificador": "20.722.205/0001-98",
      "Razao": "PLIE STUDIO DE DANCA LTDA",
      "Fantasia": "PLIE STUDIO DE DANCA",
      "Status": "Ativa"
    },
    "counters": {
      "totals": {},
      "by_tipo": {}
    }
  },
  {
    "empresa": "POLISBUILD EMPREENDIMENTOS",
    "cnpj": null,
    "raw": {
      "ID": "56",
      "Identificador": "15.090.553/0001-50",
      "Razao": "POLISBUILD EMPREENDIMENTOS LTDA",
      "Fantasia": "POLISBUILD EMPREENDIMENTOS",
      "Status": "Ativa"
    },
    "counters": {
      "totals": {},
      "by_tipo": {}
    }
  },
  {
    "empresa": "POLO TRANSPORTES",
    "cnpj": null,
    "raw": {
      "ID": "208",
      "Identificador": "14.638.098/0001-11",
      "Razao": "POLO SERVICOS DE TRANSPORTES LTDA",
      "Fantasia": "POLO TRANSPORTES",
      "Status": "Ativa"
    },
    "counters": {
      "totals": {},
      "by_tipo": {}
    }
  },
  {
    "empresa": "PREMIER FOGOS",
    "cnpj": null,
    "raw": {
      "ID": "219",
      "Identificador": "23.595.186/0001-74",
      "Razao": "PREMIER FOGOS LTDA",
      "Fantasia": "PREMIER FOGOS",
      "Status": "Ativa"
    },
    "counters": {
      "totals": {},
      "by_tipo": {}
    }
  },
  {
    "empresa": "Premier Fx",
    "cnpj": null,
    "raw": {
      "ID": "102",
      "Identificador": "63.309.522/0001-90",
      "Razao": "PREMIER FX LTDA",
      "Fantasia": "Premier Fx",
      "Status": "Ativa"
    },
    "counters": {
      "totals": {},
      "by_tipo": {}
    }
  },
  {
    "empresa": "PROMIDIA DIGITAL",
    "cnpj": null,
    "raw": {
      "ID": "281",
      "Identificador": "28.604.318/0001-09",
      "Razao": "PROMIDIA DIGITAL LTDA",
      "Fantasia": "PROMIDIA DIGITAL",
      "Status": "Ativa"
    },
    "counters": {
      "totals": {},
      "by_tipo": {}
    }
  },
  {
    "empresa": "PROMOVE",
    "cnpj": null,
    "raw": {
      "ID": "37",
      "Identificador": "13.962.189/0001-45",
      "Razao": "PROMOVE PRODUTORA LTDA",
      "Fantasia": "PROMOVE",
      "Status": "Ativa"
    },
    "counters": {
      "totals": {},
      "by_tipo": {}
    }
  },
  {
    "empresa": "QI LIVRE",
    "cnpj": null,
    "raw": {
      "ID": "16251",
      "Identificador": "10.501.937/0001-02",
      "Razao": "QI LIVRE LTDA",
      "Fantasia": "QI LIVRE",
      "Status": "Ativa"
    },
    "counters": {
      "totals": {},
      "by_tipo": {}
    }
  },
  {
    "empresa": "QUALIEND - QUALIDADE EM ENSAIOS NAO DESTRUTIVOS",
    "cnpj": null,
    "raw": {
      "ID": "28",
      "Identificador": "51.747.254/0001-09",
      "Razao": "QUALIEND INSPECOES LTDA",
      "Fantasia": "QUALIEND - QUALIDADE EM ENSAIOS NAO DESTRUTIVOS",
      "Status": "Ativa"
    },
    "counters": {
      "totals": {},
      "by_tipo": {}
    }
  },
  {
    "empresa": "GAS ALVORADA",
    "cnpj": null,
    "raw": {
      "ID": "36",
      "Identificador": "51.302.648/0001-53",
      "Razao": "R C DOS SANTOS LTDA",
      "Fantasia": "GAS ALVORADA",
      "Status": "Ativa"
    },
    "counters": {
      "totals": {},
      "by_tipo": {}
    }
  },
  {
    "empresa": "R. CARVALHO ASSESSORIA",
    "cnpj": null,
    "raw": {
      "ID": "206",
      "Identificador": "26.909.655/0001-70",
      "Razao": "R. CARVALHO ASSESSORIA LTDA",
      "Fantasia": "R. CARVALHO ASSESSORIA",
      "Status": "Ativa"
    },
    "counters": {
      "totals": {},
      "by_tipo": {}
    }
  },
  {
    "empresa": "RADIAL AUTOMOVEIS",
    "cnpj": null,
    "raw": {
      "ID": "116",
      "Identificador": "18.775.013/0001-06",
      "Razao": "RADIAL CONSIGNACOES LTDA",
      "Fantasia": "RADIAL AUTOMOVEIS",
      "Status": "Ativa"
    },
    "counters": {
      "totals": {},
      "by_tipo": {}
    }
  },
  {
    "empresa": "RADIAL VEICULOS",
    "cnpj": null,
    "raw": {
      "ID": "347",
      "Identificador": "34.058.026/0001-02",
      "Razao": "RADIAL VEICULOS LTDA",
      "Fantasia": "RADIAL VEICULOS",
      "Status": "Ativa"
    },
    "counters": {
      "totals": {},
      "by_tipo": {}
    }
  },
  {
    "empresa": "RADIO CHAO GOIANO FM LTDA",
    "cnpj": null,
    "raw": {
      "ID": "12666",
      "Identificador": "24.783.367/0001-97",
      "Razao": "RADIO CHAO GOIANO FM LTDA",
      "Fantasia": "RADIO CHAO GOIANO FM LTDA",
      "Status": "Ativa"
    },
    "counters": {
      "totals": {},
      "by_tipo": {}
    }
  },
  {
    "empresa": "RADIO MANCHESTER",
    "cnpj": null,
    "raw": {
      "ID": "12665",
      "Identificador": "01.738.210/0001-44",
      "Razao": "RADIO MANCHESTER DE ANAPOLIS LTDA",
      "Fantasia": "RADIO MANCHESTER",
      "Status": "Ativa"
    },
    "counters": {
      "totals": {},
      "by_tipo": {}
    }
  },
  {
    "empresa": "RAPIDO GOIAS LTDA",
    "cnpj": null,
    "raw": {
      "ID": "7668-01-01 00:00:00",
      "Identificador": "01.481.795/0001-60",
      "Razao": "RAPIDO GOIAS LTDA",
      "Fantasia": "RAPIDO GOIAS LTDA",
      "Status": "Ativa"
    },
    "counters": {
      "totals": {},
      "by_tipo": {}
    }
  },
  {
    "empresa": "REABILITAFACE SERVICOS ODONTOLOGICOS",
    "cnpj": null,
    "raw": {
      "ID": "471",
      "Identificador": "23.444.738/0001-43",
      "Razao": "REABILITAFACE SERVICOS ODONTOLOGICOS LTDA",
      "Fantasia": "REABILITAFACE SERVICOS ODONTOLOGICOS",
      "Status": "Ativa"
    },
    "counters": {
      "totals": {},
      "by_tipo": {}
    }
  },
  {
    "empresa": "REZENDE EMPREENDIMENTOS",
    "cnpj": null,
    "raw": {
      "ID": "360",
      "Identificador": "35.114.102/0001-12",
      "Razao": "REZENDE EMPREENDIMENTOS LTDA",
      "Fantasia": "REZENDE EMPREENDIMENTOS",
      "Status": "Ativa"
    },
    "counters": {
      "totals": {},
      "by_tipo": {}
    }
  },
  {
    "empresa": "RFC EMPREENDIMENTOS",
    "cnpj": null,
    "raw": {
      "ID": "46",
      "Identificador": "52.528.243/0001-09",
      "Razao": "RFC EMPREENDIMENTOS LTDA",
      "Fantasia": "RFC EMPREENDIMENTOS",
      "Status": "Ativa"
    },
    "counters": {
      "totals": {},
      "by_tipo": {}
    }
  },
  {
    "empresa": "RHEMA MOVEIS PLANEJADOS",
    "cnpj": null,
    "raw": {
      "ID": "66",
      "Identificador": "55.463.767/0001-49",
      "Razao": "RHEMA MOVEIS PLANEJADOS LTDA",
      "Fantasia": "RHEMA MOVEIS PLANEJADOS",
      "Status": "Ativa"
    },
    "counters": {
      "totals": {},
      "by_tipo": {}
    }
  },
  {
    "empresa": "WIZARD IDIOMAS",
    "cnpj": null,
    "raw": {
      "ID": "155",
      "Identificador": "12.410.870/0001-18",
      "Razao": "RIBEIRO CURSOS DE IDIOMAS LTDA",
      "Fantasia": "WIZARD IDIOMAS",
      "Status": "Ativa"
    },
    "counters": {
      "totals": {},
      "by_tipo": {}
    }
  },
  {
    "empresa": "INSTITUTO DA SAUDE CENTRO DE ESPECIALIDADES",
    "cnpj": null,
    "raw": {
      "ID": "414",
      "Identificador": "23.677.415/0001-08",
      "Razao": "ROGERIO A DIAS & CIA LTDA",
      "Fantasia": "INSTITUTO DA SAUDE CENTRO DE ESPECIALIDADES",
      "Status": "Ativa"
    },
    "counters": {
      "totals": {},
      "by_tipo": {}
    }
  },
  {
    "empresa": "S J PRESTACAO DE SERVICOS",
    "cnpj": null,
    "raw": {
      "ID": "86",
      "Identificador": "58.696.180/0001-78",
      "Razao": "S J PRESTACAO DE SERVICOS LTDA",
      "Fantasia": "S J PRESTACAO DE SERVICOS",
      "Status": "Ativa"
    },
    "counters": {
      "totals": {},
      "by_tipo": {}
    }
  },
  {
    "empresa": "USIMAQ",
    "cnpj": null,
    "raw": {
      "ID": "85",
      "Identificador": "09.257.381/0001-63",
      "Razao": "S.J.M. - MAQUINAS LTDA",
      "Fantasia": "USIMAQ",
      "Status": "Ativa"
    },
    "counters": {
      "totals": {},
      "by_tipo": {}
    }
  },
  {
    "empresa": "SALLES REPRESENTACAO",
    "cnpj": null,
    "raw": {
      "ID": "18123",
      "Identificador": "10.800.711/0001-02",
      "Razao": "SALLES REPRESENTACAO LTDA",
      "Fantasia": "SALLES REPRESENTACAO",
      "Status": "Ativa"
    },
    "counters": {
      "totals": {},
      "by_tipo": {}
    }
  },
  {
    "empresa": "SANTANA CONSTRUCOES",
    "cnpj": null,
    "raw": {
      "ID": "114",
      "Identificador": "17.922.625/0001-03",
      "Razao": "SANTANA CONSTRUCOES E SERVICOS LTDA",
      "Fantasia": "SANTANA CONSTRUCOES",
      "Status": "Ativa"
    },
    "counters": {
      "totals": {},
      "by_tipo": {}
    }
  },
  {
    "empresa": "SANTO SAL HAMBURGUERIA, STEAK E PANKEKA LTDA",
    "cnpj": null,
    "raw": {
      "ID": "69",
      "Identificador": "47.807.956/0001-63",
      "Razao": "SANTO SAL HAMBURGUERIA, STEAK E PANKEKA LTDA",
      "Fantasia": "SANTO SAL HAMBURGUERIA, STEAK E PANKEKA LTDA",
      "Status": "Ativa"
    },
    "counters": {
      "totals": {},
      "by_tipo": {}
    }
  },
  {
    "empresa": "SAO CAETANO SERVICOS MEDICOS",
    "cnpj": null,
    "raw": {
      "ID": "244",
      "Identificador": "25.237.578/0001-97",
      "Razao": "SAO CAETANO SERVICOS MEDICOS LTDA",
      "Fantasia": "SAO CAETANO SERVICOS MEDICOS",
      "Status": "Ativa"
    },
    "counters": {
      "totals": {},
      "by_tipo": {}
    }
  },
  {
    "empresa": "SEARCH OF",
    "cnpj": null,
    "raw": {
      "ID": "447",
      "Identificador": "24.418.174/0001-37",
      "Razao": "SEARCH OF COMERCIAL LTDA",
      "Fantasia": "SEARCH OF",
      "Status": "Ativa"
    },
    "counters": {
      "totals": {},
      "by_tipo": {}
    }
  },
  {
    "empresa": "VITORIA GAS",
    "cnpj": null,
    "raw": {
      "ID": "10128",
      "Identificador": "05.230.120/0001-07",
      "Razao": "SIAURA & SILVA LTDA",
      "Fantasia": "VITORIA GAS",
      "Status": "Ativa"
    },
    "counters": {
      "totals": {},
      "by_tipo": {}
    }
  },
  {
    "empresa": "SILVA TIBURCIO SOCIEDADE INDIVIDUAL DE ADVOCACIA",
    "cnpj": null,
    "raw": {
      "ID": "55",
      "Identificador": "35.157.649/0001-03",
      "Razao": "SILVA TIBURCIO SOCIEDADE INDIVIDUAL DE ADVOCACIA",
      "Fantasia": "SILVA TIBURCIO SOCIEDADE INDIVIDUAL DE ADVOCACIA",
      "Status": "Ativa"
    },
    "counters": {
      "totals": {},
      "by_tipo": {}
    }
  },
  {
    "empresa": "COIMAR INDUSTRIA DE MADEIRA",
    "cnpj": null,
    "raw": {
      "ID": "7670-01-01 00:00:00",
      "Identificador": "07.246.086/0001-86",
      "Razao": "SILVEIRA & CANEDO LTDA",
      "Fantasia": "COIMAR INDUSTRIA DE MADEIRA",
      "Status": "Ativa"
    },
    "counters": {
      "totals": {},
      "by_tipo": {}
    }
  },
  {
    "empresa": "COIMAR INDUSTRIA DE MADEIRA",
    "cnpj": null,
    "raw": {
      "ID": "160",
      "Identificador": "07.246.086/0002-67",
      "Razao": "SILVEIRA & CANEDO LTDA",
      "Fantasia": "COIMAR INDUSTRIA DE MADEIRA",
      "Status": "Ativa"
    },
    "counters": {
      "totals": {},
      "by_tipo": {}
    }
  },
  {
    "empresa": "SIMPLES CONSULTORIA E GESTAO",
    "cnpj": null,
    "raw": {
      "ID": "84",
      "Identificador": "58.909.382/0001-50",
      "Razao": "SIMPLES CONSULTORIA E GESTAO LTDA",
      "Fantasia": "SIMPLES CONSULTORIA E GESTAO",
      "Status": "Ativa"
    },
    "counters": {
      "totals": {},
      "by_tipo": {}
    }
  },
  {
    "empresa": "SO ELETROFUNK",
    "cnpj": null,
    "raw": {
      "ID": "90",
      "Identificador": "60.575.906/0001-66",
      "Razao": "SO ELETROFUNK LTDA",
      "Fantasia": "SO ELETROFUNK",
      "Status": "Ativa"
    },
    "counters": {
      "totals": {},
      "by_tipo": {}
    }
  },
  {
    "empresa": "SOARES DE AZEVEDO CONSTRUCOES",
    "cnpj": null,
    "raw": {
      "ID": "79",
      "Identificador": "58.002.293/0001-26",
      "Razao": "SOARES DE AZEVEDO CONSTRUCOES LTDA",
      "Fantasia": "SOARES DE AZEVEDO CONSTRUCOES",
      "Status": "Ativa"
    },
    "counters": {
      "totals": {},
      "by_tipo": {}
    }
  },
  {
    "empresa": "SOCIEDADE CRISTA ORTODOXA BENEFICENTE DE ANAPOLIS",
    "cnpj": null,
    "raw": {
      "ID": "11",
      "Identificador": "01.051.994/0001-38",
      "Razao": "SOCIEDADE CRISTA ORTODOXA BENEFICIENTE DE ANAPOLIS",
      "Fantasia": "SOCIEDADE CRISTA ORTODOXA BENEFICENTE DE ANAPOLIS",
      "Status": "Ativa"
    },
    "counters": {
      "totals": {},
      "by_tipo": {}
    }
  },
  {
    "empresa": "SOL CONSTRUCOES E TRANSPORTES EIRELI",
    "cnpj": null,
    "raw": {
      "ID": "71",
      "Identificador": "15.592.526/0001-85",
      "Razao": "SOL CONSTRUCOES E TRANSPORTES LTDA",
      "Fantasia": "SOL CONSTRUCOES E TRANSPORTES EIRELI",
      "Status": "Ativa"
    },
    "counters": {
      "totals": {},
      "by_tipo": {}
    }
  },
  {
    "empresa": "SORVETERIA AMORE MIO",
    "cnpj": null,
    "raw": {
      "ID": "48",
      "Identificador": "52.729.432/0001-31",
      "Razao": "SORVETERIA SANTO ANTONIO LTDA",
      "Fantasia": "SORVETERIA AMORE MIO",
      "Status": "Ativa"
    },
    "counters": {
      "totals": {},
      "by_tipo": {}
    }
  },
  {
    "empresa": "TCX BUSINESS",
    "cnpj": null,
    "raw": {
      "ID": "35",
      "Identificador": "13.987.777/0001-33",
      "Razao": "TCX BUSINESS LTDA",
      "Fantasia": "TCX BUSINESS",
      "Status": "Ativa"
    },
    "counters": {
      "totals": {},
      "by_tipo": {}
    }
  },
  {
    "empresa": "TERESINHA IMOVEIS",
    "cnpj": null,
    "raw": {
      "ID": "18761",
      "Identificador": "11.048.846/0001-18",
      "Razao": "TERESINHA IMOVEIS LTDA",
      "Fantasia": "TERESINHA IMOVEIS",
      "Status": "Ativa"
    },
    "counters": {
      "totals": {},
      "by_tipo": {}
    }
  },
  {
    "empresa": "THG PRESTACAO DE SERVICOS",
    "cnpj": null,
    "raw": {
      "ID": "16",
      "Identificador": "50.916.012/0001-39",
      "Razao": "THG PRESTACAO DE SERVICOS LTDA",
      "Fantasia": "THG PRESTACAO DE SERVICOS",
      "Status": "Ativa"
    },
    "counters": {
      "totals": {},
      "by_tipo": {}
    }
  },
  {
    "empresa": "TIGER ADESIVOS COM TECNOLOGIA",
    "cnpj": null,
    "raw": {
      "ID": "33",
      "Identificador": "52.531.259/0001-62",
      "Razao": "TIGER ADESIVOS LTDA",
      "Fantasia": "TIGER ADESIVOS COM TECNOLOGIA",
      "Status": "Ativa"
    },
    "counters": {
      "totals": {},
      "by_tipo": {}
    }
  },
  {
    "empresa": "AGRO TNZ",
    "cnpj": null,
    "raw": {
      "ID": "7",
      "Identificador": "49.798.461/0001-40",
      "Razao": "TINAZO AGRONEGOCIOS LTDA",
      "Fantasia": "AGRO TNZ",
      "Status": "Ativa"
    },
    "counters": {
      "totals": {},
      "by_tipo": {}
    }
  },
  {
    "empresa": "TORIBAS RESTAURANTE",
    "cnpj": null,
    "raw": {
      "ID": "296",
      "Identificador": "30.635.357/0001-07",
      "Razao": "TORIBAS RESTAURANTE LTDA",
      "Fantasia": "TORIBAS RESTAURANTE",
      "Status": "Ativa"
    },
    "counters": {
      "totals": {},
      "by_tipo": {}
    }
  },
  {
    "empresa": "TORNEADORA ANAPOLIS",
    "cnpj": null,
    "raw": {
      "ID": "386",
      "Identificador": "36.286.717/0001-99",
      "Razao": "TORNEADORA ANAPOLIS LTDA",
      "Fantasia": "TORNEADORA ANAPOLIS",
      "Status": "Ativa"
    },
    "counters": {
      "totals": {},
      "by_tipo": {}
    }
  },
  {
    "empresa": "TORNEADORA FERMAX",
    "cnpj": null,
    "raw": {
      "ID": "402",
      "Identificador": "10.259.622/0001-92",
      "Razao": "TORNEADORA FERMAX LTDA",
      "Fantasia": "TORNEADORA FERMAX",
      "Status": "Ativa"
    },
    "counters": {
      "totals": {},
      "by_tipo": {}
    }
  },
  {
    "empresa": "TOSTES ENGENHARIA",
    "cnpj": null,
    "raw": {
      "ID": "68",
      "Identificador": "55.842.617/0001-46",
      "Razao": "TOSTES ENGENHARIA LTDA",
      "Fantasia": "TOSTES ENGENHARIA",
      "Status": "Ativa"
    },
    "counters": {
      "totals": {},
      "by_tipo": {}
    }
  },
  {
    "empresa": "Kuantun Store",
    "cnpj": null,
    "raw": {
      "ID": "92",
      "Identificador": "61.411.499/0001-14",
      "Razao": "TR COMERCIO E SERVICOS LTDA",
      "Fantasia": "Kuantun Store",
      "Status": "Ativa"
    },
    "counters": {
      "totals": {},
      "by_tipo": {}
    }
  },
  {
    "empresa": "TRADICAO RECICLAGENS",
    "cnpj": null,
    "raw": {
      "ID": "7860-01-01 00:00:00",
      "Identificador": "07.939.334/0001-74",
      "Razao": "TRADICAO COMERCIO E SERVICOS LTDA",
      "Fantasia": "TRADICAO RECICLAGENS",
      "Status": "Ativa"
    },
    "counters": {
      "totals": {},
      "by_tipo": {}
    }
  },
  {
    "empresa": "TRANCE CONSTRUCOES",
    "cnpj": null,
    "raw": {
      "ID": "12458",
      "Identificador": "07.304.043/0001-00",
      "Razao": "TRANCE CONSTRUCOES LTDA",
      "Fantasia": "TRANCE CONSTRUCOES",
      "Status": "Ativa"
    },
    "counters": {
      "totals": {},
      "by_tipo": {}
    }
  },
  {
    "empresa": "TRASPORTO",
    "cnpj": null,
    "raw": {
      "ID": "17",
      "Identificador": "50.937.414/0001-10",
      "Razao": "TRASPORTO LTDA",
      "Fantasia": "TRASPORTO",
      "Status": "Ativa"
    },
    "counters": {
      "totals": {},
      "by_tipo": {}
    }
  },
  {
    "empresa": "VIVO SUPERMERCADO",
    "cnpj": null,
    "raw": {
      "ID": "4375-01-01 00:00:00",
      "Identificador": "05.897.072/0001-05",
      "Razao": "TRISTAO & SILVA LTDA",
      "Fantasia": "VIVO SUPERMERCADO",
      "Status": "Ativa"
    },
    "counters": {
      "totals": {},
      "by_tipo": {}
    }
  },
  {
    "empresa": "TW SAUDE MENTAL",
    "cnpj": null,
    "raw": {
      "ID": "477",
      "Identificador": "46.510.176/0001-94",
      "Razao": "TW SAUDE MENTAL LTDA",
      "Fantasia": "TW SAUDE MENTAL",
      "Status": "Ativa"
    },
    "counters": {
      "totals": {},
      "by_tipo": {}
    }
  },
  {
    "empresa": "BAZAR LAVIELA",
    "cnpj": null,
    "raw": {
      "ID": "19254",
      "Identificador": "11.324.995/0001-62",
      "Razao": "VALDIVINO PEREIRA DA SILVA O GOIANO",
      "Fantasia": "BAZAR LAVIELA",
      "Status": "Ativa"
    },
    "counters": {
      "totals": {},
      "by_tipo": {}
    }
  },
  {
    "empresa": "VIA INTERIORES",
    "cnpj": null,
    "raw": {
      "ID": "17380",
      "Identificador": "10.480.328/0001-06",
      "Razao": "VIA INTERIORES MOVEIS LTDA",
      "Fantasia": "VIA INTERIORES",
      "Status": "Ativa"
    },
    "counters": {
      "totals": {},
      "by_tipo": {}
    }
  },
  {
    "empresa": "VIA SOLAR",
    "cnpj": null,
    "raw": {
      "ID": "427",
      "Identificador": "30.597.276/0001-60",
      "Razao": "VIA SOLAR COMERCIO E SERVICOS LTDA",
      "Fantasia": "VIA SOLAR",
      "Status": "Ativa"
    },
    "counters": {
      "totals": {},
      "by_tipo": {}
    }
  },
  {
    "empresa": "VIDA E SAUDE COLCHOARIA",
    "cnpj": null,
    "raw": {
      "ID": "361",
      "Identificador": "31.904.887/0001-76",
      "Razao": "VIDA E SAUDE FLEX COLCHOARIA LTDA",
      "Fantasia": "VIDA E SAUDE COLCHOARIA",
      "Status": "Ativa"
    },
    "counters": {
      "totals": {},
      "by_tipo": {}
    }
  },
  {
    "empresa": "VILLA B",
    "cnpj": null,
    "raw": {
      "ID": "497",
      "Identificador": "46.691.352/0001-31",
      "Razao": "VILLA B ROUPAS E ACESSORIOS LTDA",
      "Fantasia": "VILLA B",
      "Status": "Ativa"
    },
    "counters": {
      "totals": {},
      "by_tipo": {}
    }
  },
  {
    "empresa": "AGROPECURIA OLHO D` AGUA",
    "cnpj": null,
    "raw": {
      "ID": "29",
      "Identificador": "05.076.134/0001-00",
      "Razao": "VITORIA AGROPECUARIA E EMPREENDIMENTOS IMOBILIARIOS LTDA",
      "Fantasia": "AGROPECURIA OLHO D` AGUA",
      "Status": "Ativa"
    },
    "counters": {
      "totals": {},
      "by_tipo": {}
    }
  },
  {
    "empresa": "VITORIA COMERCIO",
    "cnpj": null,
    "raw": {
      "ID": "3022-01-01 00:00:00",
      "Identificador": "00.272.583/0001-00",
      "Razao": "VITORIA COMERCIO LTDA",
      "Fantasia": "VITORIA COMERCIO",
      "Status": "Ativa"
    },
    "counters": {
      "totals": {},
      "by_tipo": {}
    }
  },
  {
    "empresa": "VP PRESTACAO DE SERVICOS",
    "cnpj": null,
    "raw": {
      "ID": "45",
      "Identificador": "59.888.270/0001-23",
      "Razao": "VP PRESTACAO DE SERVICOS LTDA",
      "Fantasia": "VP PRESTACAO DE SERVICOS",
      "Status": "Ativa"
    },
    "counters": {
      "totals": {},
      "by_tipo": {}
    }
  },
  {
    "empresa": "VPS METALURGICA INDUSTRIAL",
    "cnpj": null,
    "raw": {
      "ID": "88",
      "Identificador": "27.160.744/0001-20",
      "Razao": "VPS METALURGICA INDUSTRIAL LTDA",
      "Fantasia": "VPS METALURGICA INDUSTRIAL",
      "Status": "Ativa"
    },
    "counters": {
      "totals": {},
      "by_tipo": {}
    }
  },
  {
    "empresa": "W J REPRESENTACOES",
    "cnpj": null,
    "raw": {
      "ID": "60",
      "Identificador": "02.696.221/0001-71",
      "Razao": "W J DE ANDRADE",
      "Fantasia": "W J REPRESENTACOES",
      "Status": "Ativa"
    },
    "counters": {
      "totals": {},
      "by_tipo": {}
    }
  },
  {
    "empresa": "WAPHI EMPREENDIMENTOS LTDA",
    "cnpj": null,
    "raw": {
      "ID": "391",
      "Identificador": "35.438.325/0001-35",
      "Razao": "WAPHI EMPREENDIMENTOS LTDA",
      "Fantasia": "WAPHI EMPREENDIMENTOS LTDA",
      "Status": "Ativa"
    },
    "counters": {
      "totals": {},
      "by_tipo": {}
    }
  },
  {
    "empresa": "WELINGTON CARDOSO SOCIEDADE INDIVIDUAL DE ADVOCACIA",
    "cnpj": null,
    "raw": {
      "ID": "44",
      "Identificador": "52.570.038/0001-01",
      "Razao": "WELINGTON CARDOSO SOCIEDADE INDIVIDUAL DE ADVOCACIA",
      "Fantasia": "WELINGTON CARDOSO SOCIEDADE INDIVIDUAL DE ADVOCACIA",
      "Status": "Ativa"
    },
    "counters": {
      "totals": {},
      "by_tipo": {}
    }
  },
  {
    "empresa": "LAVAJATO CENTRAL",
    "cnpj": null,
    "raw": {
      "ID": "13681",
      "Identificador": "09.212.704/0001-00",
      "Razao": "WV POSTO DE LAVAGEM LTDA",
      "Fantasia": "LAVAJATO CENTRAL",
      "Status": "Ativa"
    },
    "counters": {
      "totals": {},
      "by_tipo": {}
    }
  },
  {
    "empresa": "NOBEL ENERGIA E EVENTOS",
    "cnpj": null,
    "raw": {
      "ID": "337",
      "Identificador": "18.608.090/0001-63",
      "Razao": "WVM ENERGIA E EVENTOS LTDA",
      "Fantasia": "NOBEL ENERGIA E EVENTOS",
      "Status": "Ativa"
    },
    "counters": {
      "totals": {},
      "by_tipo": {}
    }
  },
  {
    "empresa": "ESTANCIA NOBEL",
    "cnpj": null,
    "raw": {
      "ID": "87",
      "Identificador": "18.608.090/0002-44",
      "Razao": "WVM ENERGIA E EVENTOS LTDA",
      "Fantasia": "ESTANCIA NOBEL",
      "Status": "Ativa"
    },
    "counters": {
      "totals": {},
      "by_tipo": {}
    }
  },
  {
    "empresa": "ODONTOCOMPANY ANAPOLIS ELDORADO",
    "cnpj": null,
    "raw": {
      "ID": "74",
      "Identificador": "42.160.692/0001-85",
      "Razao": "ZION DENTAL CLINIC LTDA",
      "Fantasia": "ODONTOCOMPANY ANAPOLIS ELDORADO",
      "Status": "Ativa"
    },
    "counters": {
      "totals": {},
      "by_tipo": {}
    }
  },
  {
    "empresa": "ZOO FOS TRANSPORTES",
    "cnpj": null,
    "raw": {
      "ID": "3015-01-01 00:00:00",
      "Identificador": "04.894.667/0001-36",
      "Razao": "ZOO FOS TRANSPORTES LTDA",
      "Fantasia": "ZOO FOS TRANSPORTES",
      "Status": "Ativa"
    },
    "counters": {
      "totals": {},
      "by_tipo": {}
    }
  },
  {
    "empresa": "BELO PISO REPRESENTACOES",
    "cnpj": null,
    "raw": {
      "ID": "9457-01-01 00:00:00",
      "Identificador": "03.431.621/0001-18",
      "Razao": "A.P.S. JUNIOR & CIA LTDA - ME",
      "Fantasia": "BELO PISO REPRESENTACOES",
      "Status": "Inativa"
    },
    "counters": {
      "totals": {},
      "by_tipo": {}
    }
  },
  {
    "empresa": "CENTRO OESTE GAS",
    "cnpj": null,
    "raw": {
      "ID": "16693",
      "Identificador": "09.443.871/0006-69",
      "Razao": "CENTRO OESTE GÁS LTDA-ME CARMO DO RIO VERDE",
      "Fantasia": "CENTRO OESTE GAS",
      "Status": "Inativa"
    },
    "counters": {
      "totals": {},
      "by_tipo": {}
    }
  },
  {
    "empresa": "ELVIS GAS",
    "cnpj": null,
    "raw": {
      "ID": "6",
      "Identificador": "49.596.801/0001-50",
      "Razao": "ELVIS DIAS DO NASCIMENTO LTDA",
      "Fantasia": "ELVIS GAS",
      "Status": "Inativa"
    },
    "counters": {
      "totals": {},
      "by_tipo": {}
    }
  },
  {
    "empresa": "ISABEL S MIGLIAVACCA",
    "cnpj": null,
    "raw": {
      "ID": "498",
      "Identificador": "48.658.893/0001-93",
      "Razao": "ISABEL S MIGLIAVACCA LTDA",
      "Fantasia": "ISABEL S MIGLIAVACCA",
      "Status": "Inativa"
    },
    "counters": {
      "totals": {},
      "by_tipo": {}
    }
  },
  {
    "empresa": "JACQUELINE COSAC BONFIM LIMA",
    "cnpj": null,
    "raw": {
      "ID": "257",
      "Identificador": "012.862.951-73",
      "Razao": "JACQUELINE COSAC BONFIM LIMA",
      "Fantasia": "JACQUELINE COSAC BONFIM LIMA",
      "Status": "Inativa"
    },
    "counters": {
      "totals": {},
      "by_tipo": {}
    }
  },
  {
    "empresa": "CENTRO OESTE GAS",
    "cnpj": null,
    "raw": {
      "ID": "93",
      "Identificador": "04.829.039/0002-58",
      "Razao": "L.J. OLIVEIRA & CIA LTDA - URUANA",
      "Fantasia": "CENTRO OESTE GAS",
      "Status": "Inativa"
    },
    "counters": {
      "totals": {},
      "by_tipo": {}
    }
  },
  {
    "empresa": "CENTRO OESTE GAS",
    "cnpj": null,
    "raw": {
      "ID": "15022",
      "Identificador": "03.163.171/0009-87",
      "Razao": "LL DA SILVA & CIA LTDA - JARAGUA",
      "Fantasia": "CENTRO OESTE GAS",
      "Status": "Inativa"
    },
    "counters": {
      "totals": {},
      "by_tipo": {}
    }
  },
  {
    "empresa": "CENTRO OESTE GAS",
    "cnpj": null,
    "raw": {
      "ID": "8038-01-01 00:00:00",
      "Identificador": "03.530.737/0003-76",
      "Razao": "LL DA SILVA OLIVEIRA & CIA LTDA - CARMO DO RIO VERDE",
      "Fantasia": "CENTRO OESTE GAS",
      "Status": "Inativa"
    },
    "counters": {
      "totals": {},
      "by_tipo": {}
    }
  },
  {
    "empresa": "CENTRO OESTE GAS",
    "cnpj": null,
    "raw": {
      "ID": "1979-01-01 00:00:00",
      "Identificador": "03.530.737/0004-57",
      "Razao": "LL DA SILVA OLIVEIRA & CIA LTDA - RIALMA",
      "Fantasia": "CENTRO OESTE GAS",
      "Status": "Inativa"
    },
    "counters": {
      "totals": {},
      "by_tipo": {}
    }
  }
]