[
  {
    "ID": "82",
    "Identificador": "58.764.857/0001-68",
    "Razao": "GM FALCAO CONFECCOES LTDA",
    "Fantasia": "JEANS WEST",
    "Entregas": [
      {
        "Nome": "Adiantamento Salarial",
        "EntCompetencia": "2025-10-01 00:00:00",
        "EntDtPrazo": "2025-10-31 00:00:00",
        "EntDtAtraso": "2025-11-07 00:00:00",
        "EntDtEntrega": "2025-11-04 00:00:00",
        "EntMulta": "N",
        "Status": "Ent. PzTéc",
        "EntGuiaLida": "Envio agendado",
        "EntLastDH": "2025-11-04 14:45:22"
      },
      {
        "Nome": "Recibo de Pagamento",
        "EntCompetencia": "2025-10-01 00:00:00",
        "EntDtPrazo": "2025-10-31 00:00:00",
        "EntDtAtraso": "2025-11-07 00:00:00",
        "EntDtEntrega": "2025-11-04 00:00:00",
        "EntMulta": "N",
        "Status": "Ent. PzTéc",
        "EntGuiaLida": "Envio agendado",
        "EntLastDH": "2025-11-04 10:49:32"
      }
    ]
  },
  {
    "ID": "9",
    "Identificador": "49.763.344/0001-41",
    "Razao": "GRAAN COMERCIAL LTDA",
    "Fantasia": "GRAAN ALIMENTOS",
    "Entregas": [
      {
        "Nome": "Adiantamento Salarial",
        "EntCompetencia": "2025-10-01 00:00:00",
        "EntDtPrazo": "2025-10-31 00:00:00",
        "EntDtAtraso": "2025-11-07 00:00:00",
        "EntDtEntrega": "2025-11-04 00:00:00",
        "EntMulta": "N",
        "Status": "Ent. PzTéc",
        "EntGuiaLida": "Envio agendado",
        "EntLastDH": "2025-11-04 16:16:02"
      },
      {
        "Nome": "Recibo de Pagamento",
        "EntCompetencia": "2025-10-01 00:00:00",
        "EntDtPrazo": "2025-10-31 00:00:00",
        "EntDtAtraso": "2025-11-07 00:00:00",
        "EntDtEntrega": "2025-11-04 00:00:00",
        "EntMulta": "N",
        "Status": "Ent. PzTéc",
        "EntGuiaLida": "Envio agendado",
        "EntLastDH": "2025-11-04 16:15:47"
      }
    ]
  },
  {
    "ID": "471",
    "Identificador": "23.444.738/0001-43",
    "Razao": "REABILITAFACE SERVICOS ODONTOLOGICOS LTDA",
    "Fantasia": "REABILITAFACE SERVICOS ODONTOLOGICOS",
    "Entregas": [
      {
        "Nome": "Recibo de Pagamento",
        "EntCompetencia": "2025-10-01 00:00:00",
        "EntDtPrazo": "2025-10-31 00:00:00",
        "EntDtAtraso": "2025-11-07 00:00:00",
        "EntDtEntrega": "2025-11-04 00:00:00",
        "EntMulta": "N",
        "Status": "Ent. PzTéc",
        "EntGuiaLida": "Envio agendado",
        "EntLastDH": "2025-11-04 16:55:27"
      }
    ]
  },
  {
    "ID": "7670-01-01 00:00:00",
    "Identificador": "07.246.086/0001-86",
    "Razao": "SILVEIRA & CANEDO LTDA",
    "Fantasia": "COIMAR INDUSTRIA DE MADEIRA",
    "Entregas": [
      {
        "Nome": "Recibo de Pagamento",
        "EntCompetencia": "2025-10-01 00:00:00",
        "EntDtPrazo": "2025-10-31 00:00:00",
        "EntDtAtraso": "2025-11-07 00:00:00",
        "EntDtEntrega": "2025-11-03 00:00:00",
        "EntMulta": "N",
        "Status": "Ent. PzTéc",
        "EntGuiaLida": "Guia já acessada/lida",
        "EntLastDH": "2025-11-04 16:50:57"
      }
    ]
  },
  {
    "ID": "160",
    "Identificador": "07.246.086/0002-67",
    "Razao": "SILVEIRA & CANEDO LTDA",
    "Fantasia": "COIMAR INDUSTRIA DE MADEIRA",
    "Entregas": [
      {
        "Nome": "Recibo de Pagamento",
        "EntCompetencia": "2025-10-01 00:00:00",
        "EntDtPrazo": "2025-10-31 00:00:00",
        "EntDtAtraso": "2025-11-07 00:00:00",
        "EntDtEntrega": "2025-10-31 00:00:00",
        "EntMulta": "N",
        "Status": "Ent. PzTéc",
        "EntGuiaLida": "Guia já acessada/lida",
        "EntLastDH": "2025-11-04 16:53:23"
      }
    ]
  },
  {
    "ID": "270",
    "Identificador": "27.243.364/0001-59",
    "Razao": "FCGOMES SERVICOS MEDICOS LTDA",
    "Fantasia": "FGGOMES SERVICOS MEDICOS",
    "Entregas": [
      {
        "Nome": "DARF - PIS Faturamento",
        "EntCompetencia": "2025-10-01 00:00:00",
        "EntDtPrazo": "2025-11-04 00:00:00",
        "EntDtAtraso": "2025-11-04 00:00:00",
        "EntDtEntrega": "2025-11-04 00:00:00",
        "EntMulta": "S",
        "Status": "Ent. PzTéc",
        "EntGuiaLida": "Guia ainda não acessada/lida",
        "EntLastDH": "2025-11-04 16:08:52"
      }
    ]
  }
]