[
  {
    "source": "email",
    "proc_id": null,
    "empresa": "EFD Contribuições obrigatória",
    "cnpj": null,
    "regime": "Lucro Presumido - Serviços",
    "atividade": null,
    "categoria": "mit",
    "subtipo": "preenchida",
    "status": "OK",
    "responsavel": null,
    "prazo": null,
    "data_evento": null,
    "competencia": null,
    "passo_status": null,
    "bloqueante": null,
    "email_id": "314",
    "body_hash": "f105e2c487fe41d2038ecdf5d825f0a9e8d7fbb1"
  },
  {
    "source": "email",
    "proc_id": null,
    "empresa": "EFD Contribuições obrigatória",
    "cnpj": null,
    "regime": "Lucro Presumido - Serviços",
    "atividade": null,
    "categoria": "mit",
    "subtipo": "preenchida",
    "status": "OK",
    "responsavel": null,
    "prazo": null,
    "data_evento": null,
    "competencia": null,
    "passo_status": null,
    "bloqueante": null,
    "email_id": "310",
    "body_hash": "f105e2c487fe41d2038ecdf5d825f0a9e8d7fbb1"
  },
  {
    "source": "email",
    "proc_id": "7139",
    "empresa": "TRADICAO COMERCIO E SERVICOS LTDA",
    "cnpj": null,
    "regime": "Lucro Real - Comércio e Industria",
    "atividade": null,
    "categoria": "efd_reinf",
    "subtipo": null,
    "status": "Dispensada",
    "responsavel": null,
    "prazo": null,
    "data_evento": "2025-11-04",
    "competencia": "2025-11",
    "passo_status": null,
    "bloqueante": null,
    "email_id": "307",
    "body_hash": "f105e2c487fe41d2038ecdf5d825f0a9e8d7fbb1"
  },
  {
    "source": "email",
    "proc_id": null,
    "empresa": "Mensal | EFD-Reinf DISPENSADA",
    "cnpj": "08.714.427/0001-63",
    "regime": "Re: Simples Nacional",
    "atividade": null,
    "categoria": "efd_reinf",
    "subtipo": null,
    "status": "Dispensada",
    "responsavel": null,
    "prazo": null,
    "data_evento": null,
    "competencia": null,
    "passo_status": null,
    "bloqueante": null,
    "email_id": "303",
    "body_hash": "054c5fe24bde77a04e82308f09ebb342bc4767fd"
  },
  {
    "source": "email",
    "proc_id": null,
    "empresa": "Mensal | EFD-Reinf DISPENSADA",
    "cnpj": "08.714.427/0001-63",
    "regime": "Re: Simples Nacional",
    "atividade": null,
    "categoria": "efd_reinf",
    "subtipo": null,
    "status": "Dispensada",
    "responsavel": null,
    "prazo": null,
    "data_evento": null,
    "competencia": null,
    "passo_status": null,
    "bloqueante": null,
    "email_id": "300",
    "body_hash": "41dba1a36c90363f5c453abf213b5ecda5c6abce"
  },
  {
    "source": "email",
    "proc_id": "7145",
    "empresa": "NETO CONTABILIDADE LTDA",
    "cnpj": null,
    "regime": "Lucro Presumido - Comércio, Industria e Serviços",
    "atividade": null,
    "categoria": "efd_reinf",
    "subtipo": null,
    "status": "Dispensada",
    "responsavel": null,
    "prazo": null,
    "data_evento": "2025-11-03",
    "competencia": "2025-11",
    "passo_status": null,
    "bloqueante": null,
    "email_id": "297",
    "body_hash": "f105e2c487fe41d2038ecdf5d825f0a9e8d7fbb1"
  },
  {
    "source": "email",
    "proc_id": "7145",
    "empresa": "NETO CONTABILIDADE LTDA",
    "cnpj": null,
    "regime": "Lucro Presumido - Comércio, Industria e Serviços",
    "atividade": null,
    "categoria": "efd_reinf",
    "subtipo": null,
    "status": "Dispensada",
    "responsavel": null,
    "prazo": null,
    "data_evento": "2025-11-03",
    "competencia": "2025-11",
    "passo_status": null,
    "bloqueante": null,
    "email_id": "296",
    "body_hash": "f105e2c487fe41d2038ecdf5d825f0a9e8d7fbb1"
  },
  {
    "source": "email",
    "proc_id": null,
    "empresa": "EFD Contribuições obrigatória",
    "cnpj": null,
    "regime": "Lucro Presumido - Comércio e Serviços",
    "atividade": null,
    "categoria": "mit",
    "subtipo": "preenchida",
    "status": "OK",
    "responsavel": null,
    "prazo": null,
    "data_evento": null,
    "competencia": null,
    "passo_status": null,
    "bloqueante": null,
    "email_id": "110",
    "body_hash": "f105e2c487fe41d2038ecdf5d825f0a9e8d7fbb1"
  },
  {
    "source": "email",
    "proc_id": null,
    "empresa": "EFD Contribuições dispensada",
    "cnpj": null,
    "regime": "Lucro Presumido - Comércio e Serviços",
    "atividade": null,
    "categoria": "mit",
    "subtipo": "preenchida",
    "status": "OK",
    "responsavel": null,
    "prazo": null,
    "data_evento": null,
    "competencia": null,
    "passo_status": null,
    "bloqueante": null,
    "email_id": "107",
    "body_hash": "f105e2c487fe41d2038ecdf5d825f0a9e8d7fbb1"
  },
  {
    "source": "email",
    "proc_id": "6750",
    "empresa": "NETO CONTABILIDADE LTDA",
    "cnpj": null,
    "regime": "Lucro Presumido - Comércio e Serviços",
    "atividade": null,
    "categoria": "mit",
    "subtipo": "preenchida",
    "status": "OK",
    "responsavel": null,
    "prazo": null,
    "data_evento": "2025-11-03",
    "competencia": "2025-11",
    "passo_status": null,
    "bloqueante": null,
    "email_id": "106",
    "body_hash": "f105e2c487fe41d2038ecdf5d825f0a9e8d7fbb1"
  },
  {
    "source": "email",
    "proc_id": "6750",
    "empresa": "NETO CONTABILIDADE LTDA",
    "cnpj": null,
    "regime": "Lucro Presumido - Comércio e Serviços",
    "atividade": null,
    "categoria": "mit",
    "subtipo": "preenchida",
    "status": "OK",
    "responsavel": null,
    "prazo": null,
    "data_evento": "2025-11-03",
    "competencia": "2025-11",
    "passo_status": null,
    "bloqueante": null,
    "email_id": "105",
    "body_hash": "f105e2c487fe41d2038ecdf5d825f0a9e8d7fbb1"
  },
  {
    "source": "email",
    "proc_id": null,
    "empresa": "EFD Contribuições obrigatória",
    "cnpj": null,
    "regime": "Lucro Presumido - Comércio e Serviços",
    "atividade": null,
    "categoria": "mit",
    "subtipo": "preenchida",
    "status": "OK",
    "responsavel": null,
    "prazo": null,
    "data_evento": null,
    "competencia": null,
    "passo_status": null,
    "bloqueante": null,
    "email_id": "103",
    "body_hash": "f105e2c487fe41d2038ecdf5d825f0a9e8d7fbb1"
  },
  {
    "source": "email",
    "proc_id": "6750",
    "empresa": "NETO CONTABILIDADE LTDA",
    "cnpj": null,
    "regime": "Lucro Presumido - Comércio e Serviços",
    "atividade": null,
    "categoria": "mit",
    "subtipo": "preenchida",
    "status": "OK",
    "responsavel": null,
    "prazo": null,
    "data_evento": "2025-11-03",
    "competencia": "2025-11",
    "passo_status": null,
    "bloqueante": null,
    "email_id": "102",
    "body_hash": "f105e2c487fe41d2038ecdf5d825f0a9e8d7fbb1"
  },
  {
    "source": "email",
    "proc_id": "6750",
    "empresa": "NETO CONTABILIDADE LTDA",
    "cnpj": null,
    "regime": "Lucro Presumido - Comércio e Serviços",
    "atividade": null,
    "categoria": "mit",
    "subtipo": "preenchida",
    "status": "OK",
    "responsavel": null,
    "prazo": null,
    "data_evento": "2025-11-03",
    "competencia": "2025-11",
    "passo_status": null,
    "bloqueante": null,
    "email_id": "99",
    "body_hash": "f105e2c487fe41d2038ecdf5d825f0a9e8d7fbb1"
  },
  {
    "source": "email",
    "proc_id": "6750",
    "empresa": "NETO CONTABILIDADE LTDA",
    "cnpj": null,
    "regime": "Lucro Presumido - Comércio e Serviços",
    "atividade": null,
    "categoria": "mit",
    "subtipo": "preenchida",
    "status": "OK",
    "responsavel": null,
    "prazo": null,
    "data_evento": "2025-11-03",
    "competencia": "2025-11",
    "passo_status": null,
    "bloqueante": null,
    "email_id": "98",
    "body_hash": "f105e2c487fe41d2038ecdf5d825f0a9e8d7fbb1"
  },
  {
    "source": "email",
    "proc_id": "6750",
    "empresa": "NETO CONTABILIDADE LTDA",
    "cnpj": null,
    "regime": "Lucro Presumido - Comércio e Serviços",
    "atividade": null,
    "categoria": "mit",
    "subtipo": "preenchida",
    "status": "OK",
    "responsavel": null,
    "prazo": null,
    "data_evento": "2025-11-03",
    "competencia": "2025-11",
    "passo_status": null,
    "bloqueante": null,
    "email_id": "97",
    "body_hash": "f105e2c487fe41d2038ecdf5d825f0a9e8d7fbb1"
  },
  {
    "source": "email",
    "proc_id": "6750",
    "empresa": "NETO CONTABILIDADE LTDA",
    "cnpj": null,
    "regime": "Lucro Presumido - Comércio e Serviços",
    "atividade": null,
    "categoria": "mit",
    "subtipo": "preenchida",
    "status": "OK",
    "responsavel": null,
    "prazo": null,
    "data_evento": "2025-11-03",
    "competencia": "2025-11",
    "passo_status": null,
    "bloqueante": null,
    "email_id": "95",
    "body_hash": "f105e2c487fe41d2038ecdf5d825f0a9e8d7fbb1"
  },
  {
    "source": "email",
    "proc_id": "6750",
    "empresa": "NETO CONTABILIDADE LTDA",
    "cnpj": null,
    "regime": "Lucro Presumido - Comércio e Serviços",
    "atividade": null,
    "categoria": "mit",
    "subtipo": "preenchida",
    "status": "OK",
    "responsavel": null,
    "prazo": null,
    "data_evento": "2025-11-03",
    "competencia": "2025-11",
    "passo_status": null,
    "bloqueante": null,
    "email_id": "94",
    "body_hash": "f105e2c487fe41d2038ecdf5d825f0a9e8d7fbb1"
  },
  {
    "source": "email",
    "proc_id": "6750",
    "empresa": "NETO CONTABILIDADE LTDA",
    "cnpj": null,
    "regime": "Lucro Presumido - Comércio e Serviços",
    "atividade": null,
    "categoria": "mit",
    "subtipo": "preenchida",
    "status": "OK",
    "responsavel": null,
    "prazo": null,
    "data_evento": "2025-11-03",
    "competencia": "2025-11",
    "passo_status": null,
    "bloqueante": null,
    "email_id": "93",
    "body_hash": "f105e2c487fe41d2038ecdf5d825f0a9e8d7fbb1"
  },
  {
    "source": "email",
    "proc_id": "6750",
    "empresa": "NETO CONTABILIDADE LTDA",
    "cnpj": null,
    "regime": "Lucro Presumido - Comércio e Serviços",
    "atividade": null,
    "categoria": "difal",
    "subtipo": "consumo_imobilizado",
    "status": "Obrigatório",
    "responsavel": null,
    "prazo": null,
    "data_evento": "2025-11-03",
    "competencia": "2025-11",
    "passo_status": null,
    "bloqueante": null,
    "email_id": "92",
    "body_hash": "f105e2c487fe41d2038ecdf5d825f0a9e8d7fbb1"
  },
  {
    "source": "email",
    "proc_id": "6750",
    "empresa": "NETO CONTABILIDADE LTDA",
    "cnpj": null,
    "regime": "Lucro Presumido - Comércio e Serviços",
    "atividade": null,
    "categoria": "difal",
    "subtipo": "consumo_imobilizado",
    "status": "Obrigatório",
    "responsavel": null,
    "prazo": null,
    "data_evento": "2025-11-03",
    "competencia": "2025-11",
    "passo_status": null,
    "bloqueante": null,
    "email_id": "91",
    "body_hash": "f105e2c487fe41d2038ecdf5d825f0a9e8d7fbb1"
  },
  {
    "source": "email",
    "proc_id": "6741",
    "empresa": "3TB PRODUCOES ARTISTICAS LTDA",
    "cnpj": null,
    "regime": "Lucro Presumido - Comércio e Serviços",
    "atividade": null,
    "categoria": "efd_reinf",
    "subtipo": null,
    "status": "Dispensada",
    "responsavel": null,
    "prazo": null,
    "data_evento": "2025-10-28",
    "competencia": "2025-10",
    "passo_status": null,
    "bloqueante": null,
    "email_id": "71",
    "body_hash": "f105e2c487fe41d2038ecdf5d825f0a9e8d7fbb1"
  },
  {
    "source": "email",
    "proc_id": "6741",
    "empresa": "3TB PRODUCOES ARTISTICAS LTDA",
    "cnpj": null,
    "regime": "Lucro Presumido - Comércio e Serviços",
    "atividade": null,
    "categoria": "efd_reinf",
    "subtipo": null,
    "status": "Obrigatória",
    "responsavel": null,
    "prazo": null,
    "data_evento": "2025-10-28",
    "competencia": "2025-10",
    "passo_status": null,
    "bloqueante": null,
    "email_id": "70",
    "body_hash": "f105e2c487fe41d2038ecdf5d825f0a9e8d7fbb1"
  },
  {
    "source": "email",
    "proc_id": "6720",
    "empresa": "3TB PRODUCOES ARTISTICAS LTDA",
    "cnpj": null,
    "regime": "Lucro Presumido - Comércio e Industria (Mensal)",
    "atividade": null,
    "categoria": "difal",
    "subtipo": "consumo_imobilizado",
    "status": "Obrigatório",
    "responsavel": null,
    "prazo": null,
    "data_evento": "2025-10-28",
    "competencia": "2025-10",
    "passo_status": null,
    "bloqueante": null,
    "email_id": "64",
    "body_hash": "f105e2c487fe41d2038ecdf5d825f0a9e8d7fbb1"
  },
  {
    "source": "email",
    "proc_id": "6720",
    "empresa": "3TB PRODUCOES ARTISTICAS LTDA",
    "cnpj": null,
    "regime": "Lucro Presumido - Comércio e Industria (Mensal)",
    "atividade": null,
    "categoria": "mit",
    "subtipo": "preenchida",
    "status": "OK",
    "responsavel": null,
    "prazo": null,
    "data_evento": "2025-10-28",
    "competencia": "2025-10",
    "passo_status": null,
    "bloqueante": null,
    "email_id": "63",
    "body_hash": "f105e2c487fe41d2038ecdf5d825f0a9e8d7fbb1"
  },
  {
    "source": "email",
    "proc_id": "6627",
    "empresa": "3TB PRODUCOES ARTISTICAS LTDA",
    "cnpj": null,
    "regime": "Lucro Presumido - Comércio e Industria (Mensal)",
    "atividade": null,
    "categoria": "mit",
    "subtipo": "preenchida",
    "status": "OK",
    "responsavel": null,
    "prazo": null,
    "data_evento": "2025-10-28",
    "competencia": "2025-10",
    "passo_status": null,
    "bloqueante": null,
    "email_id": "62",
    "body_hash": "f105e2c487fe41d2038ecdf5d825f0a9e8d7fbb1"
  },
  {
    "source": "email",
    "proc_id": "6627",
    "empresa": "3TB PRODUCOES ARTISTICAS LTDA",
    "cnpj": null,
    "regime": "Lucro Presumido - Comércio e Industria (Mensal)",
    "atividade": null,
    "categoria": "mit",
    "subtipo": "preenchida",
    "status": "OK",
    "responsavel": null,
    "prazo": null,
    "data_evento": "2025-10-28",
    "competencia": "2025-10",
    "passo_status": null,
    "bloqueante": null,
    "email_id": "61",
    "body_hash": "f105e2c487fe41d2038ecdf5d825f0a9e8d7fbb1"
  },
  {
    "source": "email",
    "proc_id": "6627",
    "empresa": "3TB PRODUCOES ARTISTICAS LTDA",
    "cnpj": null,
    "regime": "Lucro Presumido - Comércio e Industria (Mensal)",
    "atividade": null,
    "categoria": "efd_reinf",
    "subtipo": null,
    "status": "Dispensada",
    "responsavel": null,
    "prazo": null,
    "data_evento": "2025-10-28",
    "competencia": "2025-10",
    "passo_status": null,
    "bloqueante": null,
    "email_id": "60",
    "body_hash": "f105e2c487fe41d2038ecdf5d825f0a9e8d7fbb1"
  },
  {
    "source": "email",
    "proc_id": "6627",
    "empresa": "3TB PRODUCOES ARTISTICAS LTDA",
    "cnpj": null,
    "regime": "Lucro Presumido - Comércio e Industria (Mensal)",
    "atividade": null,
    "categoria": "efd_reinf",
    "subtipo": null,
    "status": "Obrigatória",
    "responsavel": null,
    "prazo": null,
    "data_evento": "2025-10-28",
    "competencia": "2025-10",
    "passo_status": null,
    "bloqueante": null,
    "email_id": "59",
    "body_hash": "f105e2c487fe41d2038ecdf5d825f0a9e8d7fbb1"
  },
  {
    "source": "email",
    "proc_id": null,
    "empresa": "3TB PRODUCOES ARTISTICAS LTDA (Simples Nacional",
    "cnpj": null,
    "regime": "Gerar Obrigação - REINF",
    "atividade": null,
    "categoria": "efd_reinf",
    "subtipo": null,
    "status": "Obrigatória",
    "responsavel": null,
    "prazo": null,
    "data_evento": null,
    "competencia": null,
    "passo_status": null,
    "bloqueante": null,
    "email_id": "36",
    "body_hash": "f105e2c487fe41d2038ecdf5d825f0a9e8d7fbb1"
  },
  {
    "source": "email",
    "proc_id": null,
    "empresa": "3TB PRODUCOES ARTISTICAS LTDA (Simples Nacional",
    "cnpj": null,
    "regime": "Neto Contabilidade Ltda",
    "atividade": null,
    "categoria": "efd_reinf",
    "subtipo": null,
    "status": "Obrigatória",
    "responsavel": null,
    "prazo": null,
    "data_evento": null,
    "competencia": null,
    "passo_status": null,
    "bloqueante": null,
    "email_id": "34",
    "body_hash": "f105e2c487fe41d2038ecdf5d825f0a9e8d7fbb1"
  },
  {
    "source": "email",
    "proc_id": null,
    "empresa": "Incidência confirmada",
    "cnpj": null,
    "regime": "Neto Contabilidade Ltda",
    "atividade": null,
    "categoria": "difal",
    "subtipo": "comercializacao",
    "status": "Incidência confirmada",
    "responsavel": null,
    "prazo": null,
    "data_evento": null,
    "competencia": null,
    "passo_status": null,
    "bloqueante": null,
    "email_id": "30",
    "body_hash": "f105e2c487fe41d2038ecdf5d825f0a9e8d7fbb1"
  },
  {
    "source": "email",
    "proc_id": null,
    "empresa": "A S OLIVEIRA ENGENHARIA LTDA (Lucro Presumido - Comércio e Industria (Mensal) • ID 6671)",
    "cnpj": null,
    "regime": "Neto Contabilidade Ltda",
    "atividade": null,
    "categoria": "efd_reinf",
    "subtipo": null,
    "status": "Obrigatória",
    "responsavel": null,
    "prazo": null,
    "data_evento": "2025-10-24",
    "competencia": "2025-10",
    "passo_status": null,
    "bloqueante": null,
    "email_id": "20",
    "body_hash": "f105e2c487fe41d2038ecdf5d825f0a9e8d7fbb1"
  }
]